Thumb,Index,Middle,Ring,Pinky,X,Y,Label
42,108,108,112,83,440,-848,Ã
40,112,110,111,76,456,-856,Ã
38,108,108,111,72,488,-856,Ã
37,107,108,111,83,464,-856,Ã
37,109,109,111,83,448,-864,Ã
36,111,107,109,78,456,-840,Ã
36,107,108,111,83,456,-856,Ã
33,109,108,108,83,480,-864,Ã
32,106,107,108,72,472,-880,Ã
27,107,108,108,78,472,-872,Ã
22,109,109,111,85,464,-864,Ã
19,109,108,110,81,472,-864,Ã
13,107,108,109,78,464,-856,Ã
8,107,109,108,74,464,-864,Ã
7,103,107,108,74,496,-864,Ã
7,107,107,108,81,488,-864,Ã
7,108,107,109,83,464,-864,Ã
6,106,105,108,78,472,-848,Ã
6,107,107,108,74,488,-848,Ã
5,103,105,106,67,488,-864,Ã
5,107,106,106,78,456,-864,Ã
5,108,107,108,83,472,-864,Ã
3,106,106,109,78,480,-856,Ã
4,106,105,107,81,496,-872,Ã
4,106,112,106,76,488,-872,Ã
3,103,107,106,67,464,-864,Ã
5,105,106,107,81,456,-864,Ã
5,108,111,106,72,504,-856,Ã
4,108,105,107,76,488,-856,Ã
4,105,105,107,76,464,-856,Ã
5,103,104,105,69,464,-864,Ã
4,103,103,105,76,472,-856,Ã
5,106,106,107,83,464,-864,Ã
5,105,106,106,76,472,-856,Ã
4,106,105,104,78,456,-856,Ã
4,104,104,106,69,472,-856,Ã
5,104,104,103,67,520,-840,Ã
5,103,105,104,76,480,-856,Ã
5,106,105,106,83,504,-848,Ã
4,103,105,106,78,480,-864,Ã
4,105,105,106,76,464,-856,Ã
4,103,103,104,67,472,-856,Ã
5,100,104,104,67,480,-872,Ã
5,105,104,106,78,472,-856,Ã
6,106,105,106,83,496,-872,Ã
5,105,103,106,76,480,-872,Ã
5,105,105,105,74,488,-864,Ã
5,102,103,104,65,472,-856,Ã
5,104,103,104,69,472,-864,Ã
6,106,104,106,83,512,-872,Ã
6,106,103,105,76,504,-864,Ã
5,104,104,106,78,480,-848,Ã
6,103,103,104,69,464,-864,Ã
6,103,103,104,65,472,-872,Ã
6,103,104,104,78,472,-856,Ã
6,105,102,104,81,464,-848,Ã
5,103,103,106,76,496,-848,Ã
6,104,103,104,81,504,-880,Ã
6,99,103,102,67,480,-872,Ã
5,102,104,104,74,488,-848,Ã
6,105,103,105,81,472,-856,Ã
6,105,103,105,76,480,-856,Ã
7,102,103,104,72,456,-848,Ã
5,103,104,104,72,472,-864,Ã
5,99,102,102,67,480,-856,Ã
6,103,103,104,74,472,-864,Ã
7,103,103,104,78,464,-864,Ã
6,104,103,104,76,464,-864,Ã
6,102,104,104,69,472,-864,Ã
6,100,102,101,67,464,-864,Ã
8,102,103,102,72,472,-864,Ã
10,103,103,103,83,496,-848,Ã
8,103,103,101,69,472,-856,Ã
9,103,102,99,76,496,-856,Ã
9,101,101,99,74,480,-880,Ã
9,101,100,100,67,496,-856,Ã
10,101,100,100,72,472,-872,Ã
9,105,101,101,76,496,-872,Ã
9,100,101,99,72,472,-856,Ã
9,99,101,99,67,472,-872,Ã
8,99,99,99,69,480,-872,Ã
8,99,100,98,69,488,-864,Ã
8,102,101,100,74,480,-872,Ã
8,103,102,99,78,504,-872,Ã
7,101,101,99,67,480,-872,Ã
10,102,100,99,74,480,-864,Ã
11,99,99,99,65,464,-864,Ã
13,102,101,100,65,456,-872,Ã
14,103,101,100,78,456,-856,Ã
14,102,99,99,76,472,-872,Ã
13,103,99,100,74,488,-880,Ã
13,102,100,98,63,496,-864,Ã
13,100,99,98,65,480,-872,Ã
13,101,101,99,72,464,-872,Ã
13,102,101,98,74,512,-880,Ã
13,103,100,100,69,496,-856,Ã
12,100,100,99,69,472,-872,Ã
13,99,100,98,60,480,-872,Ã
12,102,99,99,69,480,-872,Ã
13,103,101,100,74,472,-872,Ã
13,103,99,100,74,464,-864,Ã
13,99,100,99,69,488,-864,Ã
12,101,100,99,67,472,-864,Ã
12,99,100,96,65,520,-848,Ã
13,99,100,99,69,512,-872,Ã
12,103,101,99,76,464,-872,Ã
11,103,100,99,74,464,-856,Ã
12,99,98,98,67,464,-864,Ã
11,98,99,97,56,496,-880,Ã
12,99,99,98,67,488,-856,Ã
12,100,100,99,74,432,-856,Ã
11,99,100,97,72,496,-872,Ã
12,100,101,99,67,472,-880,Ã
12,102,100,99,72,512,-872,Ã
11,96,99,97,60,472,-872,Ã
11,101,100,96,58,496,-872,Ã
12,102,100,99,76,472,-872,Ã
12,104,98,100,65,464,-872,Ã
11,103,98,99,74,456,-856,Ã
12,103,100,97,69,472,-848,Ã
12,99,98,97,58,472,-856,Ã
11,98,100,99,69,472,-880,Ã
12,102,100,99,69,456,-872,Ã
12,102,100,97,74,504,-864,Ã
12,101,99,98,69,472,-872,Ã
11,95,99,97,63,480,-864,Ã
12,99,99,97,67,504,-864,Ã
11,101,100,99,72,472,-856,Ã
11,102,99,99,72,480,-848,Ã
12,102,100,99,74,432,-856,Ã
11,100,99,97,67,488,-872,Ã
11,99,98,95,60,504,-880,Ã
12,99,99,99,67,472,-872,Ã
11,103,99,99,76,480,-864,Ã
12,101,99,99,72,472,-864,Ã
12,102,100,97,69,480,-872,Ã
11,99,98,97,69,480,-872,Ã
10,99,98,97,63,456,-872,Ã
11,97,100,98,67,456,-864,Ã
12,103,100,99,74,464,-856,Ã
12,102,101,99,67,488,-864,Ã
11,101,100,97,58,472,-872,Ã
11,99,97,97,58,472,-872,Ã
11,98,99,97,60,480,-872,Ã
11,100,99,98,72,480,-872,Ã
11,103,100,99,69,480,-864,Ã
11,101,98,98,67,456,-856,Ã
12,100,99,96,67,496,-856,Ã
11,99,98,95,58,472,-872,Ã
10,99,99,97,58,480,-864,Ã
11,102,99,97,74,472,-872,Ã
11,102,98,96,74,472,-864,Ã
12,102,99,97,74,488,-872,Ã
12,99,98,97,63,472,-872,Ã
11,97,98,96,60,448,-856,Ã
10,95,98,98,65,480,-872,Ã
12,102,99,98,76,456,-856,Ã
12,103,99,99,72,472,-872,Ã
11,97,97,97,72,472,-856,Ã
11,98,98,97,63,504,-880,Ã
11,97,98,96,58,480,-872,Ã
11,100,98,97,69,472,-856,Ã
12,103,99,98,69,464,-864,Ã
12,99,98,97,69,464,-872,Ã
11,102,98,98,65,472,-872,Ã
12,99,97,95,63,480,-872,Ã
11,98,98,97,65,512,-872,Ã
12,99,100,97,72,504,-880,Ã
13,102,97,97,69,480,-872,Ã
11,99,98,97,69,456,-848,Ã
12,101,97,98,65,480,-872,Ã
11,97,97,96,58,504,-880,Ã
11,96,98,97,63,480,-856,Ã
12,101,99,99,74,472,-856,Ã
12,102,99,98,72,480,-872,Ã
11,101,98,97,67,480,-848,Ã
11,99,98,98,67,472,-864,Ã
11,99,98,95,63,504,-872,Ã
11,99,98,97,67,512,-856,Ã
12,101,99,98,72,480,-872,Ã
11,102,98,97,67,480,-856,Ã
11,99,99,97,67,504,-856,Ã
12,99,98,96,65,512,-848,Ã
12,97,98,96,63,472,-864,Ã
12,99,99,97,69,456,-864,Ã
11,101,97,99,72,480,-872,Ã
11,99,97,97,69,480,-864,Ã
12,101,98,96,67,480,-872,Ã
11,97,97,96,58,480,-856,Ã
11,97,97,95,65,464,-864,Ã
12,100,98,97,72,520,-856,Ã
12,100,98,98,69,520,-864,Ã
12,99,99,95,69,488,-880,Ã
12,99,97,95,63,488,-872,Ã
11,96,97,97,51,472,-864,Ã
10,98,98,96,65,456,-856,Ã
12,100,98,97,69,472,-872,Ã
12,100,98,97,69,496,-880,Ã
12,100,98,97,67,488,-872,Ã
11,100,97,97,65,472,-872,Ã
11,97,98,95,60,488,-856,Ã
12,98,98,95,65,472,-864,Ã
12,101,99,97,72,512,-864,Ã
11,99,98,96,72,480,-872,Ã
12,99,97,97,69,472,-872,Ã
12,97,98,96,65,456,-872,Ã
11,98,97,95,60,496,-872,Ã
12,99,98,97,65,520,-872,Ã
12,100,99,97,67,496,-872,Ã
12,101,97,97,72,480,-864,Ã
12,99,98,95,65,504,-880,Ã
12,97,97,95,60,472,-872,Ã
12,97,98,96,67,480,-872,Ã
12,99,98,96,72,480,-872,Ã
13,99,97,97,69,472,-872,Ã
12,101,96,97,60,496,-856,Ã
12,100,98,96,67,504,-880,Ã
12,97,97,95,63,480,-872,Ã
12,97,98,95,65,456,-856,Ã
12,99,98,97,69,496,-880,Ã
12,99,97,97,67,488,-880,Ã
13,100,98,96,65,472,-880,Ã
12,98,96,97,65,480,-872,Ã
12,96,97,95,60,472,-864,Ã
11,98,98,95,58,488,-872,Ã
12,99,98,97,69,480,-872,Ã
12,99,98,96,69,480,-872,Ã
12,100,97,95,67,472,-864,Ã
12,97,97,96,60,504,-848,Ã
12,98,96,95,60,504,-872,Ã
12,98,97,95,63,480,-864,Ã
12,100,98,96,72,480,-880,Ã
12,99,98,96,67,480,-864,Ã
12,101,98,97,67,496,-856,Ã
12,98,98,95,65,496,-880,Ã
12,95,97,95,58,488,-856,Ã
12,97,97,96,67,448,-864,Ã
12,99,98,97,72,472,-880,Ã
12,99,98,97,69,456,-880,Ã
12,100,98,95,67,480,-880,Ã
13,98,96,95,65,496,-880,Ã
12,96,96,95,63,480,-880,Ã
13,99,97,95,67,456,-880,Ã
13,99,97,96,69,456,-880,Ã
12,99,131,95,69,488,-880,Ã
12,97,96,95,69,496,-896,Ã
11,97,96,94,63,504,-880,Ã
12,96,96,94,63,496,-880,Ã
12,99,96,95,67,488,-880,Ã
12,98,127,94,69,488,-856,Ã
12,98,97,95,67,472,-888,Ã
12,99,96,93,65,496,-888,Ã
12,96,96,93,63,472,-888,Ã
11,97,96,94,63,488,-864,Ã
12,98,96,95,67,480,-888,Ã
11,98,96,95,67,472,-872,Ã
12,98,96,94,65,472,-888,Ã
12,97,96,93,65,480,-880,Ã
11,97,96,93,63,472,-864,Ã
12,97,95,94,60,488,-888,Ã
12,98,97,95,69,480,-880,Ã
12,99,96,94,65,472,-872,Ã
11,97,96,94,67,464,-864,Ã
12,96,96,95,65,472,-880,Ã
11,95,96,94,60,448,-872,Ã
11,96,96,94,65,464,-880,Ã
12,99,96,95,69,448,-872,Ã
12,97,96,94,67,472,-880,Ã
11,96,95,94,67,488,-888,Ã
11,97,96,95,63,464,-888,Ã
11,95,96,93,58,464,-864,Ã
11,97,96,95,65,488,-888,Ã
11,99,96,95,72,496,-856,Ã
12,99,96,94,69,472,-888,Ã
11,96,96,94,65,520,-880,Ã
11,96,95,93,60,472,-872,Ã
11,96,95,93,63,480,-864,Ã
12,98,96,94,65,472,-864,Ã
12,97,96,95,65,456,-864,Ã
12,97,96,95,65,480,-880,Ã
11,94,96,94,65,480,-872,Ã
11,95,96,93,60,472,-888,Ã
6,96,96,93,63,456,-872,Ã
4,98,96,95,65,480,-888,Ã
4,98,96,99,65,480,-888,Ã
3,98,96,95,67,464,-864,Ã
3,98,96,103,65,472,-888,Ã
2,96,96,104,56,488,-888,Ã
1,94,95,100,63,480,-880,Ã
2,98,96,95,67,456,-872,Ã
2,99,95,96,56,448,-880,Ã
2,98,96,97,65,472,-888,Ã
2,96,96,118,60,472,-880,Ã
2,95,95,123,58,504,-872,Ã
2,96,95,123,65,480,-888,Ã
3,98,96,124,67,464,-880,Ã
3,99,96,125,67,496,-872,Ã
3,96,96,124,67,480,-880,Ã
3,96,96,123,63,472,-888,Ã
6,94,95,122,60,480,-872,Ã
11,96,95,123,65,456,-872,Ã
14,99,96,123,69,472,-888,Ã
15,98,95,124,65,488,-880,Ã
15,98,96,125,65,480,-888,Ã
15,97,95,124,60,512,-864,Ã
15,94,95,97,63,488,-888,Ã
15,96,95,96,63,464,-864,Ã
15,95,96,95,67,488,-880,Ã
15,98,96,95,65,456,-872,Ã
15,96,96,95,63,488,-872,Ã
14,94,95,94,60,496,-856,Ã
13,96,95,95,60,464,-872,Ã
14,97,96,95,63,480,-888,Ã
13,97,96,94,67,448,-872,Ã
14,98,96,95,65,488,-872,Ã
13,97,95,95,60,496,-896,Ã
13,95,95,93,60,480,-880,Ã
14,94,96,94,60,488,-888,Ã
13,96,96,95,67,472,-872,Ã
13,94,95,95,67,464,-880,Ã
13,98,96,94,65,464,-888,Ã
13,97,96,95,60,504,-872,Ã
13,94,95,95,60,472,-880,Ã
12,94,96,97,63,472,-872,Ã
13,98,96,104,67,488,-872,Ã
13,96,96,104,65,464,-880,Ã
12,97,96,109,60,472,-872,Ã
13,95,96,113,63,456,-856,Ã
13,94,95,113,60,472,-880,Ã
13,96,95,112,65,472,-888,Ã
13,98,96,113,63,464,-888,Ã
13,98,96,116,67,464,-888,Ã
13,95,95,115,63,464,-880,Ã
12,95,95,117,63,472,-880,Ã
13,95,94,120,60,496,-888,Ã
13,96,96,122,65,456,-864,Ã
13,96,95,98,65,480,-888,Ã
13,98,95,127,67,464,-888,Ã
12,97,95,135,60,440,-864,Ã
13,94,94,109,63,472,-872,Ã
12,95,95,109,58,496,-888,Ã
13,96,96,113,67,464,-888,Ã
13,96,94,104,67,464,-888,Ã
12,97,96,94,67,456,-872,Ã
13,96,95,93,63,472,-880,Ã
12,94,94,93,58,488,-864,Ã
12,94,95,95,63,464,-888,Ã
13,97,96,99,69,472,-880,Ã
13,94,96,113,65,472,-880,Ã
13,97,95,111,65,464,-880,Ã
13,94,94,112,58,448,-880,Ã
12,94,95,116,60,480,-880,Ã
12,96,95,117,65,488,-872,Ã
13,98,95,118,67,480,-880,Ã
12,97,95,118,65,472,-896,Ã
13,95,95,122,63,464,-888,Ã
12,94,95,120,60,448,-864,Ã
12,94,95,129,60,504,-864,Ã
12,97,96,134,67,480,-880,Ã
12,97,95,137,65,496,-880,Ã
12,97,95,128,63,464,-888,Ã
13,94,95,132,63,480,-864,Ã
12,95,95,126,58,464,-856,Ã
12,95,95,126,63,464,-872,Ã
13,97,96,125,67,480,-880,Ã
12,96,95,111,67,480,-880,Ã
12,96,94,107,63,480,-880,Ã
12,94,94,106,58,480,-872,Ã
12,94,95,106,58,472,-872,Ã
12,96,95,105,65,472,-880,Ã
12,96,95,105,67,472,-888,Ã
12,96,95,105,63,472,-872,Ã
12,93,94,106,63,496,-872,Ã
12,94,94,105,56,464,-880,Ã
12,94,94,104,58,504,-864,Ã
12,96,96,117,67,488,-856,Ã
13,97,94,96,67,488,-888,Ã
12,95,95,96,63,464,-872,Ã
12,95,94,95,63,456,-864,Ã
12,95,94,95,60,488,-888,Ã
12,95,96,97,63,464,-872,Ã
13,98,95,97,65,488,-864,Ã
12,95,95,99,67,480,-864,Ã
13,96,95,103,63,472,-872,Ã
12,94,94,136,58,464,-872,Ã
12,94,95,93,60,456,-880,Ã
12,95,94,95,67,504,-864,Ã
13,96,94,93,67,472,-872,Ã
13,96,96,93,63,464,-880,Ã
12,97,95,93,63,472,-864,Ã
11,94,95,93,60,464,-880,Ã
11,95,95,93,60,472,-880,Ã
12,97,95,94,67,488,-880,Ã
13,95,95,94,67,488,-880,Ã
13,96,95,93,60,448,-864,Ã
12,94,95,93,58,456,-872,Ã
12,93,94,93,60,440,-864,Ã
12,95,96,94,65,464,-872,Ã
12,96,96,93,60,472,-880,Ã
13,98,95,94,67,440,-864,Ã
12,97,94,93,67,472,-880,Ã
12,94,94,93,58,440,-872,Ã
12,94,95,93,60,464,-872,Ã
12,96,96,94,67,464,-864,Ã
12,98,95,94,60,472,-888,Ã
12,95,95,94,63,480,-880,Ã
12,95,95,93,60,472,-880,Ã
11,92,94,94,58,480,-888,Ã
12,95,95,95,65,464,-880,Ã
12,97,95,95,65,480,-864,Ã
12,96,94,95,67,480,-864,Ã
12,94,95,95,65,480,-880,Ã
12,94,94,94,56,480,-880,Ã
11,94,95,95,58,464,-872,Ã
12,97,95,97,67,456,-864,Ã
12,96,94,98,63,472,-856,Ã
12,96,95,99,60,488,-856,Ã
12,95,95,99,60,480,-880,Ã
12,94,94,99,56,464,-872,Ã
13,95,95,101,63,448,-872,Ã
12,98,95,104,63,472,-896,Ã
11,98,95,103,60,488,-856,Ã
11,93,93,100,65,480,-880,Ã
12,94,94,100,60,472,-880,Ã
13,94,94,102,58,496,-888,Ã
12,97,95,105,69,504,-888,Ã
11,97,96,117,67,448,-896,Ã
13,95,95,93,67,504,-880,Ã
13,95,94,91,56,488,-920,Ã
12,92,94,91,54,480,-864,Ã
12,95,95,93,65,464,-888,Ã
13,99,95,95,63,464,-864,Ã
13,98,94,95,58,480,-864,Ã
12,96,94,94,60,480,-888,Ã
12,93,94,91,51,472,-864,Ã
11,94,96,93,58,480,-880,Ã
13,98,95,95,67,456,-880,Ã
13,97,94,91,67,472,-888,Ã
12,96,95,93,58,488,-880,Ã
12,94,94,91,56,488,-880,Ã
13,94,95,92,60,480,-888,Ã
12,96,95,93,65,472,-880,Ã
12,99,94,93,65,504,-888,Ã
12,97,95,95,58,456,-880,Ã
13,98,94,94,60,480,-880,Ã
12,93,93,92,56,480,-888,Ã
12,94,94,93,56,464,-864,Ã
12,96,94,93,67,472,-888,Ã
13,96,94,93,67,488,-888,Ã
12,93,94,93,63,472,-880,Ã
11,92,93,91,51,488,-888,Ã
12,94,92,92,49,472,-864,Ã
12,95,94,93,63,464,-888,Ã
11,97,94,92,69,464,-888,Ã
12,98,93,91,63,464,-872,Ã
10,94,93,93,63,464,-864,Ã
12,94,92,92,54,480,-872,Ã
12,96,94,93,58,472,-888,Ã
12,96,94,94,72,504,-896,Ã
11,97,93,92,58,464,-872,Ã
12,94,92,92,63,472,-888,Ã
11,94,93,92,54,480,-880,Ã
12,92,93,92,60,488,-888,Ã
12,96,94,109,65,488,-880,Ã
12,99,94,95,69,480,-880,Ã
13,94,92,108,65,496,-864,Ã
13,94,93,96,65,480,-872,Ã
13,93,93,97,56,472,-880,Ã
14,94,93,119,63,472,-872,Ã
14,97,93,133,74,488,-880,Ã
14,94,92,98,65,472,-880,Ã
14,95,93,98,63,472,-864,Ã
14,92,92,96,58,488,-880,Ã
13,95,92,111,54,472,-864,Ã
13,96,93,114,67,472,-872,Ã
15,94,91,129,65,464,-872,Ã
12,96,93,97,63,472,-872,Ã
13,98,92,96,65,472,-880,Ã
14,93,91,94,58,480,-872,Ã
13,94,92,95,60,472,-880,Ã
13,96,93,96,65,472,-872,Ã
13,97,92,95,63,480,-880,Ã
13,96,92,93,65,464,-880,Ã
12,92,92,91,51,456,-856,Ã
14,93,94,93,60,480,-872,Ã
13,94,94,93,63,504,-864,Ã
13,94,94,102,60,512,-888,Ã
11,93,95,92,58,464,-888,Ã
13,93,94,91,60,504,-880,Ã
13,91,94,93,58,472,-888,Ã
15,94,95,370,78,488,-888,Ã
17,97,97,372,90,472,-904,Ã
18,97,97,372,101,440,-912,Ã
19,93,97,370,85,432,-936,Ã
24,94,99,367,85,480,-912,Ã
32,95,99,372,83,480,-888,Ã
34,97,98,372,90,472,-896,Ã
37,96,97,108,83,456,-928,Ã
34,97,95,111,76,488,-880,Ã
33,97,96,104,78,504,-880,Ã
70,32,105,103,69,328,-1152,Ñ
72,33,106,105,81,344,-1136,Ñ
71,33,106,104,81,352,-1128,Ñ
71,36,106,103,81,328,-1120,Ñ
70,33,106,104,74,336,-1120,Ñ
68,32,104,102,65,328,-1120,Ñ
70,31,105,103,69,328,-1112,Ñ
70,34,105,104,76,360,-1128,Ñ
70,34,105,106,72,360,-1144,Ñ
70,33,104,106,74,360,-1152,Ñ
69,34,104,117,65,312,-1096,Ñ
70,33,104,103,67,360,-1144,Ñ
69,31,104,100,69,336,-1112,Ñ
70,34,105,103,74,320,-1104,Ñ
72,36,105,109,74,320,-1112,Ñ
70,32,103,124,78,328,-1128,Ñ
70,35,105,105,81,336,-1120,Ñ
69,35,104,102,72,352,-1120,Ñ
69,33,104,101,63,352,-1136,Ñ
68,36,105,100,72,344,-1136,Ñ
69,36,104,104,81,312,-1104,Ñ
70,36,104,103,78,336,-1120,Ñ
69,32,104,103,74,328,-1112,Ñ
69,35,104,100,76,336,-1120,Ñ
68,33,103,102,67,352,-1136,Ñ
69,30,105,102,65,360,-1136,Ñ
69,34,105,104,78,352,-1128,Ñ
68,34,105,104,76,336,-1120,Ñ
69,31,105,103,72,344,-1128,Ñ
67,33,104,103,76,344,-1120,Ñ
67,31,102,101,65,328,-1120,Ñ
69,34,104,102,63,352,-1144,Ñ
69,35,104,104,74,344,-1120,Ñ
69,34,104,102,81,368,-1144,Ñ
68,32,104,104,78,336,-1128,Ñ
67,34,103,102,78,336,-1128,Ñ
68,31,103,136,67,360,-1144,Ñ
67,32,103,107,74,336,-1120,Ñ
68,33,104,104,74,360,-1136,Ñ
69,35,104,102,72,320,-1104,Ñ
68,33,103,102,72,336,-1144,Ñ
68,34,103,104,67,360,-1136,Ñ
68,33,103,101,65,328,-1120,Ñ
66,31,103,103,67,336,-1120,Ñ
68,33,103,105,72,320,-1112,Ñ
70,36,104,105,78,336,-1128,Ñ
69,32,104,108,74,360,-1136,Ñ
68,34,104,106,78,320,-1128,Ñ
68,32,103,103,74,376,-1136,Ñ
66,31,103,102,67,320,-1128,Ñ
68,30,102,102,74,328,-1120,Ñ
68,34,103,104,76,336,-1128,Ñ
69,34,104,102,72,336,-1112,Ñ
69,33,103,104,72,344,-1136,Ñ
68,33,103,111,76,352,-1136,Ñ
68,32,102,102,65,352,-1152,Ñ
67,31,101,102,65,328,-1120,Ñ
69,36,103,104,76,336,-1120,Ñ
67,36,103,102,78,328,-1136,Ñ
69,36,102,104,76,336,-1144,Ñ
67,35,103,102,74,352,-1136,Ñ
67,35,101,104,67,328,-1128,Ñ
67,35,102,103,72,328,-1120,Ñ
68,36,103,103,72,344,-1136,Ñ
68,36,103,102,74,328,-1120,Ñ
67,36,102,104,78,352,-1144,Ñ
67,33,102,104,76,368,-1136,Ñ
68,36,103,103,72,328,-1128,Ñ
66,34,102,101,65,328,-1128,Ñ
67,33,101,102,69,336,-1136,Ñ
68,36,103,104,76,328,-1112,Ñ
69,37,103,102,76,344,-1136,Ñ
67,36,104,103,74,336,-1128,Ñ
66,35,103,102,74,320,-1120,Ñ
66,33,102,101,65,328,-1136,Ñ
68,34,101,111,60,328,-1128,Ñ
68,36,103,113,78,336,-1136,Ñ
67,38,103,105,74,328,-1128,Ñ
66,35,103,105,74,336,-1136,Ñ
67,37,101,103,69,320,-1120,Ñ
67,35,102,102,60,344,-1152,Ñ
67,35,101,104,63,336,-1136,Ñ
68,36,103,107,72,320,-1136,Ñ
68,35,103,138,72,336,-1144,Ñ
68,37,103,106,74,304,-1136,Ñ
66,37,100,142,63,328,-1152,Ñ
68,36,102,107,63,336,-1144,Ñ
67,35,103,108,63,328,-1160,Ñ
67,36,105,112,67,328,-1152,Ñ
69,38,104,117,76,344,-1152,Ñ
68,36,104,116,74,280,-1168,Ñ
70,34,103,115,76,360,-1152,Ñ
69,35,103,113,72,320,-1136,Ñ
69,32,98,110,65,336,-1144,Ñ
70,32,97,110,67,320,-1144,Ñ
69,37,123,111,78,320,-1152,Ñ
69,37,148,111,72,320,-1136,Ñ
68,36,148,111,65,320,-1136,Ñ
67,36,144,109,65,320,-1144,Ñ
69,33,114,108,60,312,-1144,Ñ
68,37,114,109,69,304,-1136,Ñ
68,36,111,109,72,328,-1152,Ñ
69,37,150,110,74,336,-1144,Ñ
67,37,150,109,67,328,-1152,Ñ
69,35,147,108,72,328,-1144,Ñ
67,34,120,108,65,312,-1128,Ñ
66,33,115,108,67,344,-1152,Ñ
67,36,119,108,67,328,-1144,Ñ
68,36,144,109,69,336,-1144,Ñ
67,36,150,108,74,328,-1144,Ñ
67,37,132,109,67,320,-1136,Ñ
68,35,131,106,69,328,-1144,Ñ
67,34,104,107,65,336,-1144,Ñ
67,36,100,108,60,360,-1152,Ñ
68,36,101,109,74,304,-1136,Ñ
67,36,102,109,65,328,-1144,Ñ
67,36,101,106,69,336,-1152,Ñ
67,35,101,372,67,296,-1136,Ñ
67,35,120,368,65,320,-1160,Ñ
66,31,101,370,63,344,-1176,Ñ
68,36,101,361,74,280,-1152,Ñ
68,34,101,371,67,312,-1152,Ñ
66,36,101,108,69,312,-1152,Ñ
67,36,100,108,74,296,-1144,Ñ
67,35,99,106,65,312,-1160,Ñ
67,32,100,108,60,296,-1160,Ñ
67,36,100,108,69,304,-1160,Ñ
68,37,101,109,72,320,-1176,Ñ
68,36,99,108,69,304,-1152,Ñ
68,36,101,106,69,312,-1168,Ñ
67,36,100,107,69,296,-1152,Ñ
67,32,100,106,60,288,-1136,Ñ
66,33,101,106,67,296,-1152,Ñ
67,37,101,108,74,328,-1176,Ñ
66,38,101,108,65,296,-1160,Ñ
68,37,102,106,72,296,-1160,Ñ
66,37,105,106,72,312,-1152,Ñ
66,35,105,105,63,280,-1144,Ñ
66,34,109,106,69,296,-1160,Ñ
67,36,111,107,69,312,-1160,Ñ
68,38,110,108,72,296,-1160,Ñ
68,35,114,109,63,328,-1168,Ñ
67,36,115,106,65,304,-1160,Ñ
66,35,112,106,65,328,-1184,Ñ
66,34,111,108,60,296,-1208,Ñ
67,33,110,106,67,192,-1096,Ñ
67,38,111,129,74,192,-1120,Ñ
67,36,118,108,74,160,-1104,Ñ
66,36,119,108,69,232,-1232,Ñ
67,37,118,113,69,216,-1184,Ñ
65,32,117,105,63,216,-1168,Ñ
66,36,118,106,65,232,-1152,Ñ
67,36,114,109,72,248,-1192,Ñ
66,36,105,106,69,232,-1168,Ñ
66,37,104,106,65,232,-1184,Ñ
66,36,113,107,72,216,-1176,Ñ
66,34,117,105,63,240,-1176,Ñ
65,34,117,104,58,216,-1152,Ñ
66,36,118,106,69,216,-1168,Ñ
67,37,120,109,72,232,-1160,Ñ
66,36,119,105,63,232,-1176,Ñ
66,36,118,108,67,224,-1168,Ñ
67,36,117,109,65,248,-1168,Ñ
66,35,117,104,63,248,-1168,Ñ
65,33,117,109,60,248,-1176,Ñ
67,36,119,108,74,224,-1168,Ñ
66,38,118,108,65,224,-1160,Ñ
67,36,120,108,67,248,-1176,Ñ
67,34,124,106,67,264,-1184,Ñ
64,32,119,113,60,256,-1176,Ñ
65,33,120,106,63,248,-1176,Ñ
66,36,123,107,69,256,-1184,Ñ
67,36,126,108,72,256,-1176,Ñ
67,36,124,108,69,248,-1160,Ñ
67,36,122,106,63,256,-1176,Ñ
65,35,122,106,65,264,-1184,Ñ
65,31,119,104,58,248,-1168,Ñ
65,30,120,106,67,256,-1176,Ñ
66,35,124,109,69,240,-1168,Ñ
65,36,123,113,69,248,-1160,Ñ
66,32,122,117,60,232,-1144,Ñ
64,32,121,126,67,248,-1168,Ñ
65,31,119,105,60,264,-1176,Ñ
65,30,119,103,56,272,-1200,Ñ
66,32,121,109,67,240,-1176,Ñ
66,33,114,108,72,264,-1192,Ñ
67,33,99,106,69,248,-1168,Ñ
66,31,99,105,65,248,-1152,Ñ
65,35,100,104,65,248,-1160,Ñ
64,30,99,104,63,248,-1176,Ñ
66,31,99,110,63,240,-1160,Ñ
65,36,100,120,72,248,-1168,Ñ
66,32,100,115,69,256,-1176,Ñ
66,33,99,118,69,248,-1168,Ñ
67,33,98,115,63,248,-1176,Ñ
66,31,118,111,56,240,-1176,Ñ
64,32,119,117,63,264,-1176,Ñ
66,33,120,117,65,240,-1160,Ñ
66,36,121,117,67,248,-1152,Ñ
64,35,120,118,63,240,-1168,Ñ
65,34,119,117,65,240,-1168,Ñ
64,32,119,116,63,240,-1168,Ñ
65,33,118,114,60,240,-1160,Ñ
63,31,118,114,65,240,-1160,Ñ
65,35,121,115,72,264,-1184,Ñ
66,34,121,115,69,272,-1200,Ñ
65,34,121,115,67,264,-1192,Ñ
66,34,121,115,65,240,-1152,Ñ
64,31,118,113,58,240,-1168,Ñ
65,31,119,114,63,256,-1176,Ñ
65,34,121,113,65,248,-1176,Ñ
66,36,123,115,72,248,-1160,Ñ
67,36,123,113,74,240,-1160,Ñ
65,34,122,115,60,240,-1176,Ñ
66,36,121,106,65,248,-1168,Ñ
66,34,119,104,60,248,-1176,Ñ
68,34,119,103,63,248,-1168,Ñ
70,36,116,103,65,256,-1176,Ñ
73,36,122,103,72,256,-1192,Ñ
73,36,122,102,60,256,-1184,Ñ
73,37,123,103,67,240,-1184,Ñ
72,34,121,102,60,240,-1160,Ñ
69,35,119,100,56,248,-1168,Ñ
70,35,120,100,63,264,-1184,Ñ
70,36,123,104,67,256,-1184,Ñ
71,37,122,105,63,256,-1184,Ñ
68,38,121,106,60,240,-1168,Ñ
68,36,122,105,67,264,-1184,Ñ
69,35,119,106,51,240,-1160,Ñ
67,33,119,124,56,256,-1184,Ñ
70,36,120,117,65,240,-1176,Ñ
69,37,123,106,69,256,-1176,Ñ
69,36,122,103,58,248,-1168,Ñ
67,36,121,104,65,256,-1184,Ñ
68,33,120,103,60,272,-1208,Ñ
68,34,119,102,58,272,-1176,Ñ
68,33,119,102,58,248,-1168,Ñ
69,36,122,104,65,248,-1152,Ñ
68,37,122,105,69,272,-1184,Ñ
69,36,122,111,65,272,-1184,Ñ
69,36,121,115,67,240,-1160,Ñ
68,36,121,118,63,248,-1168,Ñ
67,35,118,112,51,248,-1168,Ñ
68,34,120,116,58,264,-1168,Ñ
71,37,123,103,67,256,-1152,Ñ
75,40,128,107,63,240,-1192,Ñ
76,37,134,127,60,232,-1160,Ñ
76,41,133,120,60,248,-1184,Ñ
74,42,128,111,54,264,-1192,Ñ
73,37,112,152,51,256,-1160,Ñ
74,36,116,99,60,232,-1160,Ñ
73,37,132,113,65,264,-1168,Ñ
73,36,131,103,65,280,-1184,Ñ
72,36,131,101,58,240,-1144,Ñ
72,35,129,98,63,248,-1160,Ñ
71,36,119,99,49,240,-1168,Ñ
70,33,108,97,56,256,-1168,Ñ
70,37,116,99,58,256,-1152,Ñ
72,36,134,101,67,264,-1168,Ñ
73,35,132,100,65,256,-1168,Ñ
69,34,132,99,63,256,-1184,Ñ
71,36,128,99,60,264,-1176,Ñ
70,35,113,99,49,256,-1168,Ñ
69,36,110,97,49,248,-1168,Ñ
71,36,119,100,63,248,-1176,Ñ
71,38,137,102,63,272,-1192,Ñ
72,38,132,101,58,256,-1176,Ñ
70,36,131,101,56,272,-1184,Ñ
70,37,127,100,58,264,-1168,Ñ
70,33,110,99,56,256,-1168,Ñ
70,36,112,100,58,256,-1176,Ñ
70,37,122,100,63,280,-1200,Ñ
71,37,136,101,63,256,-1176,Ñ
68,36,132,101,63,256,-1168,Ñ
69,35,130,100,58,264,-1184,Ñ
70,36,127,100,56,232,-1160,Ñ
68,35,109,97,54,248,-1168,Ñ
69,36,111,100,56,264,-1176,Ñ
69,36,126,100,67,240,-1168,Ñ
70,35,133,101,67,264,-1192,Ñ
69,37,131,100,60,256,-1168,Ñ
70,34,129,100,58,272,-1184,Ñ
69,37,126,100,60,272,-1184,Ñ
68,36,109,97,56,240,-1144,Ñ
68,35,113,98,58,256,-1168,Ñ
69,37,128,100,63,240,-1176,Ñ
68,39,132,102,60,248,-1168,Ñ
68,37,130,107,60,280,-1192,Ñ
68,36,128,106,63,256,-1160,Ñ
67,36,125,107,56,232,-1152,Ñ
68,33,108,98,54,232,-1176,Ñ
68,36,113,99,49,248,-1168,Ñ
69,37,130,100,65,256,-1168,Ñ
69,38,131,98,67,256,-1184,Ñ
68,37,132,100,60,240,-1152,Ñ
69,37,127,100,56,248,-1176,Ñ
68,33,121,97,58,256,-1184,Ñ
68,35,111,97,51,256,-1168,Ñ
66,36,117,100,56,264,-1176,Ñ
68,38,133,100,65,264,-1176,Ñ
69,36,131,99,65,240,-1160,Ñ
68,34,129,99,63,264,-1176,Ñ
68,37,128,99,63,272,-1192,Ñ
67,34,118,99,56,264,-1176,Ñ
67,35,112,97,47,264,-1176,Ñ
67,36,115,99,58,264,-1176,Ñ
68,37,134,100,65,248,-1160,Ñ
67,37,132,100,63,256,-1176,Ñ
66,36,130,100,63,256,-1176,Ñ
67,38,127,101,56,280,-1200,Ñ
66,33,115,98,56,256,-1176,Ñ
67,35,109,98,54,264,-1176,Ñ
68,36,117,98,60,264,-1176,Ñ
68,37,135,100,67,232,-1136,Ñ
68,36,132,97,63,264,-1184,Ñ
69,37,129,100,65,248,-1168,Ñ
68,36,127,98,65,264,-1176,Ñ
67,35,113,98,54,280,-1184,Ñ
67,35,114,97,58,248,-1160,Ñ
68,36,121,98,63,248,-1168,Ñ
68,38,135,100,65,256,-1176,Ñ
67,36,130,99,60,256,-1168,Ñ
66,39,130,98,63,264,-1176,Ñ
67,37,126,99,58,264,-1176,Ñ
67,34,111,96,49,248,-1168,Ñ
67,36,113,97,56,248,-1176,Ñ
67,36,121,98,60,272,-1184,Ñ
67,37,137,100,58,256,-1168,Ñ
66,40,130,98,63,248,-1160,Ñ
66,35,131,99,56,256,-1168,Ñ
66,37,127,97,63,248,-1176,Ñ
66,36,109,95,51,256,-1168,Ñ
65,36,112,97,60,264,-1176,Ñ
67,37,123,99,63,264,-1176,Ñ
68,38,133,101,60,248,-1168,Ñ
67,38,131,100,60,248,-1176,Ñ
68,36,129,99,65,256,-1160,Ñ
67,35,127,99,60,256,-1160,Ñ
66,35,109,96,58,264,-1184,Ñ
67,35,113,98,58,264,-1184,Ñ
67,37,126,99,63,264,-1176,Ñ
67,38,131,100,60,256,-1168,Ñ
67,37,131,97,60,264,-1176,Ñ
67,36,129,97,58,264,-1176,Ñ
67,37,126,98,58,272,-1184,Ñ
66,34,110,96,54,272,-1192,Ñ
66,35,113,99,49,256,-1160,Ñ
67,38,128,99,63,264,-1184,Ñ
66,39,132,99,63,264,-1168,Ñ
67,37,132,100,54,240,-1184,Ñ
67,35,130,99,60,248,-1192,Ñ
66,36,126,98,56,232,-1184,Ñ
66,34,106,97,51,200,-1184,Ñ
67,34,120,99,58,208,-1184,Ñ
67,37,118,100,65,224,-1192,Ñ
67,38,124,99,58,240,-1200,Ñ
66,38,125,97,63,192,-1160,Ñ
66,36,125,99,60,240,-1192,Ñ
66,35,121,99,54,232,-1168,Ñ
67,34,119,99,47,240,-1200,Ñ
66,36,119,100,54,224,-1168,Ñ
67,38,121,100,65,232,-1176,Ñ
65,38,122,100,63,232,-1184,Ñ
67,36,124,100,63,240,-1192,Ñ
66,38,122,101,60,232,-1184,Ñ
66,36,120,113,54,232,-1176,Ñ
66,34,119,98,54,224,-1152,Ñ
65,36,120,99,58,248,-1192,Ñ
67,37,126,101,65,216,-1176,Ñ
67,38,125,103,65,240,-1192,Ñ
66,39,125,100,63,224,-1176,Ñ
68,38,124,99,60,224,-1168,Ñ
66,34,117,98,54,256,-1200,Ñ
66,36,117,98,47,240,-1192,Ñ
65,36,121,99,60,224,-1176,Ñ
67,37,126,100,63,232,-1176,Ñ
66,36,124,98,65,232,-1176,Ñ
66,38,126,100,60,232,-1192,Ñ
67,37,124,98,54,248,-1200,Ñ
64,36,117,97,51,240,-1200,Ñ
66,36,119,99,51,248,-1184,Ñ
66,37,123,101,58,240,-1192,Ñ
67,39,127,100,65,232,-1176,Ñ
67,38,125,100,60,248,-1192,Ñ
66,36,127,100,56,224,-1168,Ñ
67,39,124,100,56,248,-1192,Ñ
66,35,118,99,51,248,-1184,Ñ
65,36,120,99,54,224,-1168,Ñ
67,37,123,99,58,224,-1176,Ñ
67,38,127,100,63,224,-1160,Ñ
65,36,124,99,58,232,-1184,Ñ
66,36,122,98,56,224,-1176,Ñ
66,35,123,99,58,232,-1176,Ñ
65,35,119,99,51,224,-1160,Ñ
65,34,120,98,58,232,-1168,Ñ
66,37,123,100,63,248,-1192,Ñ
66,39,125,100,63,240,-1184,Ñ
66,36,125,100,63,224,-1152,Ñ
67,39,122,100,54,224,-1184,Ñ
66,36,120,99,58,232,-1176,Ñ
66,36,117,99,51,240,-1184,Ñ
66,36,117,98,51,232,-1176,Ñ
66,37,121,100,60,232,-1184,Ñ
67,39,122,100,63,240,-1200,Ñ
65,36,121,101,60,232,-1176,Ñ
66,37,122,100,60,224,-1168,Ñ
66,36,117,99,60,232,-1176,Ñ
64,35,118,100,49,232,-1184,Ñ
65,37,120,99,56,224,-1184,Ñ
66,37,123,104,63,232,-1160,Ñ
66,36,122,115,56,232,-1160,Ñ
66,36,121,120,63,232,-1176,Ñ
66,39,121,120,60,240,-1176,Ñ
66,35,120,117,51,224,-1168,Ñ
65,34,117,100,51,248,-1184,Ñ
65,36,118,116,58,232,-1168,Ñ
66,37,121,107,60,240,-1184,Ñ
66,36,120,122,65,232,-1176,Ñ
65,38,122,122,63,240,-1192,Ñ
65,38,120,101,60,232,-1168,Ñ
65,37,119,100,58,256,-1200,Ñ
65,34,117,99,54,224,-1184,Ñ
65,37,119,99,54,240,-1176,Ñ
66,38,121,99,63,224,-1176,Ñ
66,40,120,100,63,224,-1152,Ñ
65,37,119,100,60,232,-1176,Ñ
66,37,120,100,60,248,-1184,Ñ
66,37,120,100,56,232,-1176,Ñ
65,35,119,97,56,240,-1184,Ñ
65,37,117,100,54,248,-1184,Ñ
66,38,121,102,63,232,-1192,Ñ
66,39,121,102,60,224,-1176,Ñ
65,38,120,117,60,240,-1184,Ñ
64,39,120,108,54,248,-1192,Ñ
65,38,116,107,54,232,-1168,Ñ
65,35,116,100,49,232,-1160,Ñ
66,36,118,100,56,248,-1184,Ñ
65,38,121,102,60,224,-1184,Ñ
66,37,120,105,58,232,-1160,Ñ
65,39,120,104,60,240,-1184,Ñ
66,37,121,106,56,248,-1192,Ñ
64,38,120,105,58,232,-1176,Ñ
65,36,119,108,51,232,-1184,Ñ
65,37,119,99,54,240,-1192,Ñ
65,38,120,102,63,256,-1200,Ñ
66,37,121,105,56,240,-1184,Ñ
66,36,120,102,54,232,-1184,Ñ
65,36,119,100,58,256,-1200,Ñ
65,37,118,101,51,240,-1184,Ñ
65,36,113,99,51,232,-1176,Ñ
65,35,117,99,56,232,-1168,Ñ
66,39,120,102,63,240,-1184,Ñ
66,37,117,114,58,232,-1176,Ñ
65,38,117,115,63,240,-1184,Ñ
65,38,118,111,58,248,-1184,Ñ
65,36,116,100,51,240,-1192,Ñ
65,36,116,102,49,232,-1184,Ñ
66,36,117,103,56,248,-1184,Ñ
65,39,118,119,63,232,-1184,Ñ
66,39,117,111,56,232,-1176,Ñ
66,37,115,106,56,248,-1192,Ñ
64,38,118,112,51,248,-1200,Ñ
64,38,118,105,51,240,-1176,Ñ
64,35,117,103,54,224,-1160,Ñ
63,37,119,105,58,248,-1184,Ñ
66,39,121,108,60,232,-1168,Ñ
65,38,120,107,56,232,-1184,Ñ
65,38,118,114,60,248,-1192,Ñ
65,37,119,101,56,232,-1184,Ñ
65,36,117,104,51,232,-1168,Ñ
64,36,118,99,56,248,-1200,Ñ
64,35,119,100,58,240,-1184,Ñ
66,39,122,124,65,232,-1168,Ñ
66,39,118,121,58,232,-1176,Ñ
66,40,117,104,60,240,-1176,Ñ
65,35,118,100,54,224,-1176,Ñ
65,36,116,98,51,248,-1192,Ñ
64,36,117,97,49,232,-1160,Ñ
66,37,115,99,58,240,-1168,Ñ
65,39,121,107,63,248,-1192,Ñ
65,37,118,100,58,248,-1192,Ñ
63,38,117,104,63,256,-1200,Ñ
64,39,117,99,58,256,-1200,Ñ
65,35,110,99,51,248,-1192,Ñ
64,36,116,100,54,232,-1184,Ñ
65,37,116,99,58,224,-1176,Ñ
65,39,118,100,63,232,-1176,Ñ
66,39,118,99,58,224,-1160,Ñ
65,39,118,102,56,240,-1184,Ñ
64,39,118,101,51,248,-1200,Ñ
65,36,114,102,51,248,-1184,Ñ
65,36,117,102,51,232,-1160,Ñ
65,38,118,99,56,224,-1152,Ñ
65,39,120,101,65,232,-1184,Ñ
66,38,118,102,58,232,-1168,Ñ
66,36,119,99,60,232,-1168,Ñ
64,37,118,100,51,240,-1176,Ñ
64,36,117,99,51,232,-1168,Ñ
64,37,116,98,58,232,-1176,Ñ
65,38,117,99,56,240,-1176,Ñ
43,25,15,18,6,136,-1248,Ó
42,24,15,16,2,136,-1224,Ó
43,26,16,34,6,160,-1256,Ó
43,31,16,59,11,152,-1248,Ó
42,32,16,22,13,152,-1248,Ó
43,30,17,17,9,152,-1248,Ó
42,31,17,18,0,144,-1248,Ó
41,29,16,20,4,160,-1232,Ó
41,29,17,18,0,144,-1240,Ó
41,30,17,55,9,160,-1264,Ó
42,30,18,77,11,152,-1248,Ó
40,27,17,79,6,160,-1248,Ó
40,30,17,72,6,160,-1240,Ó
40,31,17,57,6,168,-1272,Ó
40,31,16,19,6,168,-1272,Ó
37,27,17,15,0,144,-1224,Ó
36,29,17,44,2,152,-1248,Ó
29,30,17,18,6,168,-1256,Ó
28,31,17,19,4,152,-1248,Ó
28,30,17,16,11,160,-1256,Ó
29,29,17,64,0,168,-1256,Ó
29,30,16,43,2,160,-1248,Ó
27,28,17,18,0,160,-1232,Ó
25,27,17,16,0,160,-1248,Ó
25,30,17,16,9,152,-1248,Ó
24,28,18,16,9,160,-1240,Ó
25,31,18,15,9,160,-1240,Ó
24,29,17,15,6,168,-1256,Ó
24,29,17,16,9,168,-1264,Ó
23,27,17,15,2,160,-1240,Ó
24,28,18,16,4,160,-1248,Ó
25,29,17,18,11,160,-1240,Ó
23,30,17,16,9,184,-1256,Ó
23,27,17,15,6,200,-1280,Ó
23,29,17,15,4,152,-1224,Ó
23,27,18,16,4,168,-1232,Ó
23,26,16,15,0,160,-1232,Ó
24,27,17,16,0,152,-1248,Ó
24,27,17,15,9,184,-1272,Ó
23,28,16,25,11,176,-1256,Ó
23,27,16,16,6,160,-1240,Ó
23,25,17,17,0,184,-1264,Ó
23,26,17,19,4,160,-1248,Ó
23,24,16,18,0,160,-1240,Ó
22,23,15,13,0,152,-1280,Ó
23,27,17,14,9,152,-1224,Ó
23,28,16,14,6,184,-1248,Ó
23,26,17,13,6,160,-1256,Ó
23,27,17,14,2,152,-1248,Ó
23,27,16,14,6,152,-1248,Ó
23,23,15,13,0,168,-1240,Ó
22,25,16,12,2,168,-1232,Ó
24,26,16,14,6,160,-1240,Ó
27,27,17,13,9,184,-1272,Ó
27,26,16,12,9,168,-1256,Ó
23,27,16,13,6,152,-1240,Ó
23,24,15,13,6,168,-1264,Ó
23,23,16,12,0,168,-1256,Ó
22,26,16,12,4,176,-1264,Ó
22,27,17,14,6,176,-1264,Ó
22,27,17,14,9,184,-1264,Ó
21,28,17,15,6,192,-1272,Ó
19,26,15,14,9,168,-1248,Ó
19,27,16,14,0,176,-1232,Ó
18,25,16,12,0,160,-1224,Ó
16,27,16,18,4,184,-1256,Ó
14,26,17,14,6,176,-1256,Ó
12,28,16,54,9,168,-1240,Ó
11,27,17,16,9,168,-1240,Ó
10,27,17,15,4,168,-1240,Ó
19,26,16,371,4,176,-1256,Ó
17,23,16,11,0,168,-1232,Ó
19,25,16,12,4,168,-1240,Ó
19,27,17,14,6,176,-1232,Ó
19,29,17,14,9,176,-1256,Ó
18,27,17,28,4,160,-1240,Ó
19,30,17,14,4,176,-1232,Ó
19,26,16,58,4,168,-1248,Ó
18,25,16,12,2,176,-1224,Ó
18,27,17,25,2,168,-1200,Ó
18,27,18,66,6,160,-1192,Ó
18,29,18,13,4,168,-1192,Ó
19,29,18,14,4,176,-1232,Ó
55,23,16,14,0,120,-1232,Ó
60,23,16,16,2,144,-1272,Ó
51,27,17,18,20,168,-1200,Ó
49,26,15,23,11,200,-1248,Ó
47,28,15,19,4,200,-1256,Ó
47,32,16,22,11,168,-1248,Ó
44,35,16,22,9,120,-1248,Ó
43,32,16,23,2,96,-1256,Ó
42,32,16,19,2,72,-1256,Ó
42,32,15,19,2,64,-1272,Ó
42,29,15,48,4,120,-1264,Ó
41,31,14,41,6,104,-1256,Ó
42,30,16,49,6,112,-1248,Ó
42,32,16,32,4,144,-1248,Ó
41,31,16,26,9,128,-1256,Ó
41,31,17,19,6,128,-1240,Ó
41,30,15,18,11,120,-1240,Ó
40,28,15,19,2,136,-1256,Ó
41,27,16,20,6,120,-1240,Ó
41,31,16,23,9,144,-1248,Ó
40,31,16,20,13,128,-1248,Ó
41,31,16,18,13,120,-1232,Ó
40,31,16,22,9,112,-1240,Ó
40,29,16,25,6,128,-1224,Ó
39,29,15,23,4,128,-1256,Ó
40,29,15,25,4,128,-1248,Ó
40,30,15,27,9,128,-1232,Ó
40,31,16,31,13,128,-1256,Ó
39,31,17,67,9,128,-1240,Ó
41,30,15,50,2,128,-1248,Ó
40,29,15,53,9,112,-1216,Ó
36,28,15,29,2,128,-1248,Ó
32,29,15,34,0,120,-1240,Ó
29,30,16,19,6,128,-1248,Ó
27,31,16,24,13,144,-1272,Ó
25,31,16,18,6,136,-1256,Ó
24,31,17,18,9,128,-1240,Ó
24,31,16,18,6,128,-1240,Ó
24,29,15,18,2,128,-1240,Ó
24,27,15,16,0,128,-1232,Ó
25,29,16,17,6,144,-1256,Ó
27,31,16,19,11,144,-1264,Ó
27,31,17,18,6,152,-1256,Ó
26,28,16,18,6,144,-1240,Ó
27,31,16,19,9,144,-1232,Ó
26,28,16,18,2,152,-1272,Ó
25,27,15,16,0,152,-1264,Ó
25,28,16,19,4,136,-1240,Ó
26,30,16,19,11,136,-1256,Ó
26,30,16,19,13,144,-1248,Ó
25,34,16,21,11,136,-1248,Ó
22,37,15,20,11,112,-1232,Ó
22,38,15,25,4,128,-1256,Ó
21,36,15,20,4,136,-1264,Ó
20,36,15,22,9,136,-1256,Ó
21,36,16,28,13,128,-1232,Ó
21,36,16,23,15,120,-1240,Ó
21,36,16,56,13,120,-1232,Ó
22,36,16,41,6,128,-1232,Ó
21,35,15,54,9,120,-1240,Ó
21,31,15,56,4,120,-1240,Ó
21,34,16,18,9,128,-1240,Ó
22,35,16,21,11,136,-1256,Ó
20,37,16,21,9,144,-1288,Ó
20,33,16,21,9,128,-1256,Ó
20,35,15,50,9,128,-1256,Ó
22,34,14,45,9,136,-1248,Ó
22,32,15,39,0,136,-1256,Ó
20,31,15,40,9,120,-1240,Ó
22,36,15,46,13,152,-1264,Ó
20,36,16,21,11,152,-1264,Ó
21,34,16,21,11,136,-1248,Ó
23,34,14,23,9,128,-1192,Ó
24,32,16,19,0,160,-1192,Ó
23,29,14,34,2,200,-1216,Ó
25,27,15,21,9,160,-1192,Ó
25,29,15,20,11,176,-1200,Ó
24,27,15,19,15,160,-1208,Ó
24,28,14,22,6,160,-1224,Ó
24,28,15,18,9,160,-1232,Ó
23,27,14,18,11,176,-1240,Ó
24,25,14,22,4,152,-1224,Ó
23,24,14,18,6,144,-1208,Ó
24,28,15,25,11,144,-1224,Ó
24,29,14,18,11,144,-1224,Ó
22,30,15,19,11,160,-1248,Ó
25,29,15,130,11,144,-1224,Ó
24,26,15,25,4,144,-1232,Ó
23,24,14,18,2,144,-1232,Ó
24,24,14,55,2,136,-1240,Ó
23,27,15,112,6,152,-1240,Ó
24,29,15,59,9,128,-1224,Ó
24,29,15,51,9,128,-1208,Ó
23,28,14,80,6,128,-1248,Ó
24,27,15,19,2,120,-1232,Ó
22,25,14,19,2,144,-1248,Ó
24,27,14,20,2,144,-1248,Ó
25,28,15,43,9,136,-1224,Ó
28,28,16,45,9,128,-1232,Ó
31,28,16,29,9,136,-1232,Ó
31,28,16,34,2,160,-1272,Ó
30,29,16,24,4,136,-1232,Ó
31,24,15,23,2,136,-1232,Ó
31,27,16,22,4,144,-1232,Ó
31,27,16,19,6,144,-1248,Ó
31,27,16,32,9,152,-1248,Ó
31,28,16,65,4,136,-1232,Ó
31,27,15,23,9,144,-1232,Ó
31,27,15,21,0,136,-1240,Ó
30,26,15,28,0,128,-1224,Ó
30,24,15,25,2,144,-1248,Ó
31,27,16,22,6,144,-1256,Ó
30,28,16,21,2,128,-1272,Ó
31,30,16,23,4,144,-1256,Ó
30,28,16,23,4,128,-1232,Ó
30,27,16,21,2,136,-1240,Ó
30,25,15,21,2,128,-1240,Ó
30,24,16,21,0,136,-1224,Ó
30,28,15,22,9,128,-1240,Ó
31,30,16,23,4,144,-1256,Ó
30,28,15,23,6,136,-1240,Ó
30,27,15,23,9,128,-1248,Ó
29,27,15,21,6,128,-1232,Ó
29,25,15,22,2,136,-1232,Ó
30,25,15,25,4,136,-1240,Ó
30,27,16,22,6,136,-1232,Ó
30,28,16,21,4,120,-1240,Ó
29,28,16,22,6,152,-1256,Ó
29,27,16,22,4,128,-1224,Ó
30,27,16,21,6,136,-1240,Ó
29,27,15,19,2,128,-1224,Ó
29,26,15,21,4,136,-1240,Ó
28,27,16,23,9,136,-1240,Ó
30,29,17,22,6,136,-1224,Ó
30,28,16,23,11,136,-1232,Ó
28,27,15,23,11,128,-1240,Ó
29,28,15,23,4,136,-1240,Ó
28,27,15,23,4,136,-1216,Ó
30,24,16,61,4,152,-1264,Ó
32,26,15,81,9,144,-1224,Ó
34,27,15,15,0,144,-1240,Ó
33,27,15,17,6,152,-1240,Ó
31,26,14,16,4,136,-1232,Ó
32,26,15,24,2,128,-1232,Ó
30,23,13,52,0,144,-1248,Ó
30,24,14,61,0,136,-1232,Ó
30,25,14,57,6,136,-1248,Ó
30,27,15,19,6,128,-1224,Ó
29,27,15,18,6,128,-1240,Ó
28,24,14,18,4,152,-1256,Ó
29,25,15,19,0,152,-1256,Ó
28,27,14,17,0,136,-1232,Ó
30,30,17,53,2,144,-1256,Ó
29,36,16,47,4,144,-1264,Ó
27,37,17,57,9,128,-1240,Ó
24,33,16,44,9,136,-1248,Ó
22,35,16,81,2,120,-1224,Ó
20,33,15,72,13,144,-1264,Ó
18,31,15,50,9,120,-1232,Ó
15,34,14,21,13,128,-1224,Ó
13,32,15,21,13,144,-1248,Ó
13,34,16,22,22,128,-1232,Ó
13,31,17,20,15,128,-1240,Ó
13,30,17,20,13,128,-1224,Ó
13,31,16,20,9,128,-1224,Ó
12,29,15,20,4,136,-1240,Ó
11,29,15,21,6,144,-1240,Ó
12,31,17,25,13,128,-1240,Ó
13,40,18,46,9,144,-1240,Ó
12,41,18,25,13,136,-1240,Ó
12,39,19,23,13,136,-1256,Ó
12,43,19,25,9,128,-1256,Ó
11,43,18,23,2,128,-1232,Ó
12,45,19,39,11,120,-1240,Ó
12,47,19,26,9,128,-1224,Ó
12,48,19,25,18,120,-1240,Ó
13,48,18,24,9,128,-1264,Ó
11,46,18,24,9,128,-1248,Ó
12,46,19,25,9,128,-1248,Ó
11,41,18,23,0,120,-1248,Ó
14,39,18,21,2,144,-1248,Ó
17,38,18,70,11,136,-1224,Ó
19,37,18,71,13,136,-1232,Ó
18,36,17,37,11,152,-1256,Ó
19,32,18,49,11,128,-1248,Ó
19,33,17,73,6,136,-1256,Ó
19,32,16,23,2,136,-1232,Ó
19,31,16,23,2,152,-1256,Ó
19,34,17,23,9,136,-1248,Ó
19,35,17,23,13,144,-1264,Ó
19,34,17,25,9,144,-1248,Ó
19,33,17,19,11,144,-1248,Ó
19,35,17,19,4,136,-1240,Ó
19,34,15,18,4,136,-1240,Ó
18,31,15,17,4,120,-1232,Ó
19,35,16,19,6,152,-1264,Ó
19,36,17,20,13,128,-1224,Ó
19,36,17,19,6,128,-1200,Ó
18,34,17,19,11,128,-1232,Ó
19,35,16,19,4,144,-1248,Ó
18,31,15,19,0,136,-1232,Ó
18,32,16,19,0,192,-1256,Ó
18,34,16,20,6,120,-1272,Ó
19,35,17,25,11,104,-1240,Ó
17,36,17,21,6,80,-1248,Ó
18,32,16,21,4,128,-1264,Ó
19,33,16,22,4,152,-1256,Ó
18,33,15,21,0,120,-1264,Ó
17,32,15,19,0,160,-1248,Ó
17,34,16,19,2,160,-1256,Ó
18,35,16,20,11,144,-1240,Ó
17,33,17,20,9,152,-1272,Ó
18,34,16,19,4,136,-1264,Ó
16,35,16,19,4,136,-1272,Ó
18,35,16,18,0,128,-1240,Ó
17,31,16,19,2,128,-1256,Ó
16,33,16,18,6,136,-1240,Ó
18,35,16,23,11,112,-1248,Ó
18,36,16,21,11,120,-1240,Ó
18,35,16,21,9,144,-1256,Ó
18,33,15,23,6,112,-1264,Ó
18,34,16,21,2,104,-1248,Ó
17,32,15,21,2,128,-1264,Ó
18,34,15,22,4,120,-1248,Ó
18,35,16,23,9,128,-1272,Ó
16,35,17,21,9,128,-1256,Ó
18,36,15,23,13,128,-1256,Ó
18,35,16,22,4,112,-1248,Ó
17,35,16,21,2,120,-1248,Ó
17,31,16,21,0,112,-1256,Ó
16,31,16,22,2,120,-1232,Ó
18,34,17,22,9,120,-1248,Ó
16,34,17,23,4,120,-1256,Ó
18,31,16,22,4,120,-1256,Ó
18,35,16,21,9,136,-1232,Ó
18,35,16,21,4,120,-1240,Ó
16,30,15,21,0,136,-1232,Ó
17,33,16,20,2,120,-1216,Ó
17,34,16,23,9,136,-1240,Ó
18,36,16,23,6,128,-1248,Ó
16,35,16,23,9,128,-1248,Ó
17,33,16,21,9,120,-1248,Ó
16,35,15,22,4,128,-1240,Ó
16,32,15,21,0,136,-1248,Ó
18,32,15,22,2,144,-1248,Ó
17,33,16,22,9,128,-1240,Ó
18,34,16,23,6,144,-1256,Ó
16,33,17,22,6,128,-1248,Ó
18,31,16,21,4,152,-1256,Ó
17,33,16,21,6,136,-1248,Ó
16,31,16,20,2,128,-1248,Ó
16,31,15,22,4,144,-1248,Ó
18,33,16,21,6,136,-1224,Ó
17,32,17,22,11,128,-1240,Ó
17,31,17,19,9,152,-1240,Ó
16,32,16,23,6,160,-1264,Ó
16,32,16,28,9,136,-1232,Ó
18,31,15,52,6,144,-1248,Ó
18,33,16,59,2,136,-1248,Ó
18,34,16,43,11,144,-1240,Ó
18,35,17,19,6,136,-1240,Ó
19,33,16,18,11,136,-1240,Ó
18,35,16,18,6,144,-1248,Ó
16,33,16,18,4,160,-1272,Ó
16,31,15,17,0,120,-1240,Ó
18,32,16,18,6,152,-1256,Ó
18,34,16,19,9,144,-1232,Ó
18,31,17,18,6,144,-1248,Ó
18,31,17,18,2,144,-1256,Ó
18,33,16,18,4,136,-1248,Ó
19,30,16,18,0,136,-1224,Ó
18,31,16,17,0,136,-1232,Ó
18,32,16,18,0,136,-1224,Ó
19,33,17,21,6,152,-1240,Ó
20,32,17,21,9,144,-1240,Ó
19,31,19,20,4,136,-1224,Ó
19,34,19,19,4,152,-1240,Ó
20,33,21,20,2,136,-1240,Ó
20,31,21,19,2,144,-1240,Ó
19,29,21,23,0,136,-1232,Ó
20,33,20,25,9,144,-1256,Ó
21,31,19,23,4,144,-1248,Ó
19,33,18,64,2,144,-1248,Ó
21,35,17,54,4,128,-1224,Ó
20,32,17,19,2,136,-1240,Ó
20,31,16,18,0,136,-1248,Ó
21,29,15,18,4,136,-1232,Ó
21,33,17,19,6,144,-1248,Ó
20,35,16,19,4,136,-1248,Ó
20,33,17,19,9,136,-1248,Ó
20,34,17,19,2,128,-1248,Ó
18,34,16,19,4,136,-1248,Ó
20,32,16,18,0,144,-1240,Ó
19,31,16,18,0,128,-1248,Ó
20,35,17,19,9,152,-1272,Ó
20,33,16,20,9,136,-1240,Ó
20,32,17,21,4,136,-1232,Ó
21,33,16,21,0,136,-1240,Ó
20,30,16,20,2,144,-1256,Ó
20,29,16,21,0,136,-1240,Ó
20,30,16,21,2,136,-1248,Ó
20,33,17,22,9,136,-1240,Ó
20,32,16,21,4,144,-1256,Ó
19,34,16,21,4,128,-1248,Ó
20,33,16,21,4,128,-1224,Ó
19,31,16,21,0,136,-1240,Ó
19,31,15,21,0,128,-1248,Ó
20,31,16,23,4,136,-1240,Ó
19,33,16,23,9,152,-1272,Ó
19,31,16,23,6,144,-1256,Ó
20,31,16,23,4,144,-1264,Ó
20,30,16,24,0,136,-1264,Ó
19,31,16,43,0,152,-1240,Ó
19,29,16,31,0,136,-1232,Ó
18,32,16,28,0,136,-1256,Ó
19,34,17,21,9,136,-1264,Ó
18,31,17,22,6,144,-1280,Ó
20,31,15,18,0,104,-1280,Ó
19,31,16,25,6,72,-1272,Ó
19,31,15,24,0,104,-1240,Ó
20,30,15,26,0,112,-1232,Ó
19,32,16,27,2,104,-1256,Ó
19,34,17,28,6,120,-1240,Ó
19,34,17,31,6,128,-1280,Ó
18,34,16,41,4,144,-1256,Ó
18,32,16,43,0,136,-1272,Ó
20,29,16,42,0,136,-1248,Ó
19,28,16,58,2,128,-1248,Ó
18,30,16,48,6,120,-1224,Ó
19,32,17,54,9,128,-1248,Ó
20,31,16,52,0,128,-1256,Ó
20,34,16,48,6,136,-1264,Ó
18,31,16,34,4,104,-1256,Ó
19,31,16,37,0,112,-1256,Ó
19,29,15,40,0,120,-1264,Ó
19,31,16,39,4,128,-1264,Ó
19,32,17,39,6,144,-1256,Ó
19,31,16,38,2,112,-1248,Ó
19,32,16,39,0,128,-1256,Ó
19,31,16,40,6,136,-1264,Ó
18,30,15,39,0,112,-1248,Ó
19,30,16,40,0,120,-1240,Ó
19,31,16,40,6,128,-1248,Ó
19,32,17,42,6,112,-1224,Ó
19,31,15,42,6,128,-1256,Ó
19,31,16,39,6,128,-1232,Ó
19,31,16,46,4,120,-1256,Ó
19,30,16,45,0,120,-1256,Ó
18,30,16,46,0,120,-1240,Ó
19,31,16,46,2,128,-1232,Ó
19,34,17,47,9,136,-1256,Ó
20,32,16,46,6,120,-1248,Ó
18,30,16,41,2,120,-1248,Ó
19,32,16,41,2,112,-1248,Ó
18,30,16,39,0,120,-1232,Ó
18,31,15,41,0,128,-1264,Ó
19,31,16,41,6,120,-1240,Ó
19,32,17,41,4,128,-1248,Ó
18,32,16,39,2,128,-1248,Ó
19,31,16,40,2,120,-1256,Ó
19,30,15,43,0,136,-1264,Ó
19,31,16,43,0,128,-1240,Ó
18,30,16,41,2,120,-1240,Ó
19,31,16,39,4,128,-1248,Ó
19,32,16,39,4,136,-1280,Ó
19,31,16,39,4,128,-1248,Ó
18,31,16,41,4,128,-1240,Ó
19,31,16,45,4,120,-1240,Ó
19,29,16,45,0,120,-1232,Ó
19,30,16,47,0,128,-1256,Ó
19,31,16,48,4,120,-1240,Ó
19,32,16,48,6,128,-1256,Ó
19,31,16,44,4,136,-1272,Ó
19,31,16,44,4,136,-1272,Ó
19,31,16,45,0,120,-1224,Ó
18,31,16,43,0,120,-1248,Ó
19,30,16,43,0,136,-1272,Ó
19,31,16,47,4,128,-1240,Ó
19,31,16,48,6,128,-1256,Ó
19,32,16,46,4,128,-1264,Ó
18,31,16,46,2,128,-1232,Ó
19,32,16,45,0,120,-1240,Ó
19,30,15,44,0,128,-1264,Ó
19,31,16,45,2,136,-1272,Ó
19,31,16,45,2,120,-1248,Ó
19,31,16,44,4,120,-1248,Ó
19,31,16,44,2,120,-1256,Ó
19,30,16,43,4,120,-1240,Ó
19,31,16,43,0,144,-1272,Ó
19,30,16,42,0,120,-1248,Ó
19,30,16,43,2,128,-1248,Ó
19,31,17,45,6,128,-1240,Ó
19,31,16,46,4,120,-1248,Ó
18,31,17,45,2,120,-1248,Ó
19,32,16,45,0,136,-1264,Ó
19,31,16,45,2,136,-1280,Ó
18,30,16,44,0,120,-1256,Ó
18,29,16,44,0,128,-1248,Ó
19,31,16,44,2,144,-1272,Ó
19,30,16,45,2,120,-1232,Ó
20,31,16,46,4,128,-1264,Ó
19,31,16,44,2,128,-1264,Ó
19,31,16,44,0,120,-1216,Ó
19,30,16,41,0,120,-1240,Ó
19,31,15,41,0,128,-1240,Ó
19,31,16,43,4,128,-1280,Ó
19,31,16,43,4,136,-1264,Ó
19,31,16,43,0,128,-1256,Ó
19,30,16,43,0,136,-1272,Ó
19,30,16,43,0,128,-1240,Ó
19,30,16,42,0,120,-1248,Ó
18,29,16,42,4,120,-1224,Ó
19,32,16,43,4,120,-1248,Ó
19,31,16,42,4,128,-1256,Ó
19,31,16,43,4,128,-1264,Ó
19,31,16,43,0,128,-1248,Ó
19,30,16,43,0,128,-1240,Ó
87,95,117,97,13,160,-1184,ã
87,99,117,97,15,152,-1176,ã
86,94,115,97,13,160,-1184,ã
87,92,116,95,9,136,-1192,ã
86,94,116,97,13,160,-1184,ã
88,96,117,97,20,136,-1152,ã
87,96,116,99,22,144,-1168,ã
87,94,116,97,20,136,-1160,ã
86,93,115,99,15,144,-1168,ã
86,93,116,96,13,136,-1160,ã
86,91,115,93,9,144,-1144,ã
84,89,114,94,15,160,-1184,ã
85,95,116,96,24,136,-1144,ã
85,95,116,97,11,152,-1176,ã
86,93,115,97,13,144,-1184,ã
85,94,114,97,15,160,-1168,ã
84,90,114,96,9,152,-1160,ã
83,92,115,94,13,160,-1120,ã
85,91,116,95,18,176,-1136,ã
85,94,117,98,24,168,-1128,ã
86,93,115,97,20,152,-1144,ã
85,90,115,98,24,144,-1144,ã
85,92,113,97,29,160,-1168,ã
85,88,113,93,22,144,-1144,ã
84,90,114,92,20,152,-1152,ã
84,92,116,92,29,136,-1152,ã
86,95,115,93,31,144,-1152,ã
86,94,116,93,22,160,-1152,ã
85,94,114,93,29,136,-1160,ã
85,93,114,91,31,160,-1200,ã
85,88,114,92,29,144,-1224,ã
86,90,114,91,33,128,-1232,ã
86,93,115,91,36,120,-1208,ã
86,95,114,92,33,128,-1208,ã
87,95,113,91,27,120,-1200,ã
86,92,114,90,29,128,-1232,ã
86,94,112,89,29,128,-1224,ã
85,90,111,87,24,136,-1240,ã
85,90,112,86,31,128,-1224,ã
87,93,114,89,31,128,-1216,ã
85,94,114,89,29,128,-1208,ã
84,90,113,90,31,128,-1232,ã
85,94,113,90,31,128,-1208,ã
85,91,113,88,27,128,-1216,ã
86,90,113,86,22,136,-1216,ã
87,91,112,86,27,128,-1216,ã
86,93,113,88,31,136,-1232,ã
86,92,114,89,29,128,-1216,ã
85,91,113,89,24,128,-1200,ã
85,94,111,87,29,136,-1224,ã
85,91,113,89,27,144,-1248,ã
84,88,113,87,18,136,-1224,ã
84,91,113,87,27,136,-1208,ã
84,92,113,90,31,128,-1208,ã
84,94,113,90,29,136,-1208,ã
82,93,114,90,29,128,-1216,ã
84,93,114,88,29,144,-1232,ã
83,93,112,88,22,128,-1216,ã
83,87,113,88,18,136,-1216,ã
84,89,113,86,24,136,-1200,ã
84,91,113,88,29,136,-1200,ã
83,91,113,87,27,136,-1224,ã
82,92,112,86,24,136,-1224,ã
83,91,111,89,15,152,-1232,ã
84,90,112,86,20,152,-1224,ã
83,90,110,84,18,120,-1192,ã
85,90,111,87,24,104,-1224,ã
84,91,112,88,29,96,-1224,ã
85,92,112,88,24,104,-1192,ã
84,93,113,85,22,112,-1200,ã
83,92,111,85,24,112,-1224,ã
84,89,110,86,20,120,-1216,ã
84,88,109,84,6,120,-1208,ã
85,87,112,85,20,128,-1200,ã
85,92,112,88,29,112,-1200,ã
84,91,111,88,24,120,-1216,ã
85,90,112,84,22,136,-1224,ã
85,94,112,84,15,144,-1224,ã
84,90,110,85,15,168,-1224,ã
84,88,111,82,15,88,-1216,ã
85,90,111,86,24,120,-1208,ã
85,92,112,86,27,128,-1200,ã
86,94,111,87,27,136,-1208,ã
85,90,112,85,15,112,-1224,ã
85,89,111,86,20,120,-1224,ã
84,90,111,83,11,136,-1224,ã
88,89,110,84,22,120,-1200,ã
91,90,111,85,22,88,-1208,ã
90,93,112,87,27,136,-1232,ã
97,94,112,88,24,128,-1208,ã
100,91,112,88,24,112,-1184,ã
94,92,111,84,15,144,-1224,ã
94,85,110,85,11,152,-1232,ã
93,90,110,83,22,128,-1216,ã
93,90,110,85,24,128,-1224,ã
92,94,112,86,29,128,-1232,ã
85,89,112,86,20,96,-1192,ã
77,92,109,84,20,80,-1224,ã
73,90,110,85,20,128,-1208,ã
77,88,110,82,11,112,-1192,ã
85,88,111,82,18,136,-1224,ã
111,90,111,86,22,112,-1224,ã
103,93,112,87,20,88,-1208,ã
97,92,111,86,18,88,-1240,ã
98,91,112,82,20,112,-1216,ã
109,90,110,84,18,104,-1232,ã
104,87,110,83,13,96,-1232,ã
90,93,109,83,18,104,-1208,ã
100,90,111,84,20,120,-1216,ã
111,86,110,84,20,104,-1192,ã
103,89,109,82,22,104,-1232,ã
92,87,111,83,22,160,-1200,ã
103,89,110,82,22,160,-1232,ã
100,87,109,82,13,128,-1240,ã
95,86,110,83,11,-8,-1200,ã
94,90,110,84,22,152,-1232,ã
94,91,112,84,22,168,-1208,ã
93,89,110,84,22,104,-1208,ã
94,91,110,84,18,112,-1216,ã
93,90,110,81,20,104,-1224,ã
91,85,110,81,11,64,-1216,ã
93,89,108,82,11,104,-1224,ã
92,90,110,84,22,96,-1216,ã
91,92,108,84,20,120,-1208,ã
90,90,109,81,20,120,-1216,ã
91,89,109,82,20,104,-1232,ã
92,88,110,82,13,112,-1224,ã
91,85,109,81,11,120,-1232,ã
91,89,108,82,15,112,-1216,ã
91,90,110,83,20,120,-1200,ã
92,91,109,81,15,120,-1232,ã
91,90,109,82,18,112,-1240,ã
90,90,108,83,18,112,-1216,ã
91,90,109,82,13,112,-1216,ã
90,87,108,81,9,120,-1224,ã
91,88,109,81,15,120,-1216,ã
91,91,110,83,20,120,-1232,ã
91,88,110,83,20,120,-1224,ã
91,87,109,82,13,112,-1208,ã
90,88,109,81,11,120,-1232,ã
90,88,108,81,13,120,-1240,ã
90,87,109,81,13,112,-1224,ã
90,87,109,81,15,120,-1232,ã
91,90,110,84,22,120,-1216,ã
91,90,109,82,18,120,-1232,ã
92,86,108,82,20,112,-1224,ã
90,90,110,82,18,112,-1232,ã
89,86,108,80,13,104,-1224,ã
90,85,109,80,11,112,-1224,ã
91,85,109,81,18,104,-1200,ã
91,90,109,83,22,120,-1232,ã
90,88,110,81,22,104,-1224,ã
90,90,109,81,18,112,-1216,ã
91,89,110,82,15,104,-1216,ã
90,85,109,80,11,104,-1216,ã
89,86,108,81,13,104,-1224,ã
90,89,109,81,18,104,-1224,ã
90,90,110,82,22,104,-1224,ã
90,91,108,83,15,104,-1216,ã
90,87,109,83,20,104,-1216,ã
88,90,107,80,15,112,-1216,ã
89,86,109,80,9,104,-1216,ã
90,86,108,82,15,104,-1224,ã
90,89,109,82,18,104,-1224,ã
90,90,110,82,22,128,-1240,ã
90,88,110,82,18,112,-1224,ã
90,90,110,82,11,112,-1208,ã
89,87,110,82,11,120,-1232,ã
88,86,108,81,13,104,-1224,ã
88,84,108,79,9,112,-1224,ã
90,88,110,82,18,104,-1216,ã
91,90,109,83,15,120,-1224,ã
89,87,109,82,18,120,-1248,ã
90,90,109,82,11,104,-1232,ã
90,90,109,82,13,104,-1232,ã
88,84,108,80,9,112,-1208,ã
90,85,106,81,15,104,-1216,ã
90,89,109,81,18,136,-1232,ã
90,90,110,81,13,112,-1240,ã
90,90,108,82,15,104,-1216,ã
90,90,109,81,15,112,-1208,ã
87,90,108,82,11,120,-1224,ã
88,85,108,80,2,104,-1200,ã
89,89,108,78,20,112,-1216,ã
88,88,109,82,18,128,-1240,ã
90,91,109,80,20,128,-1232,ã
87,86,108,81,15,112,-1200,ã
89,89,107,80,15,104,-1200,ã
88,88,108,80,15,112,-1208,ã
87,86,107,80,9,112,-1216,ã
88,89,107,81,13,112,-1200,ã
89,88,109,82,20,112,-1224,ã
87,89,109,80,20,112,-1216,ã
88,93,110,81,18,120,-1232,ã
88,86,108,81,20,120,-1232,ã
89,89,109,81,15,112,-1208,ã
88,86,108,79,6,112,-1200,ã
88,84,107,80,15,104,-1224,ã
88,88,109,82,18,112,-1216,ã
87,91,108,82,13,112,-1232,ã
90,88,109,83,18,104,-1224,ã
90,85,109,82,18,112,-1232,ã
89,89,108,81,13,104,-1216,ã
87,87,108,80,11,104,-1224,ã
87,85,109,81,11,112,-1232,ã
88,90,109,82,18,120,-1224,ã
89,90,108,82,13,120,-1232,ã
88,89,108,82,15,112,-1224,ã
89,89,107,81,9,104,-1200,ã
90,88,108,80,15,120,-1224,ã
89,85,108,78,11,104,-1224,ã
89,87,109,81,9,120,-1216,ã
90,89,109,82,18,120,-1224,ã
89,91,107,82,18,96,-1216,ã
89,90,108,82,11,112,-1208,ã
86,91,108,81,11,112,-1216,ã
89,88,109,80,13,104,-1208,ã
87,85,107,81,6,112,-1208,ã
89,85,107,79,15,112,-1200,ã
89,89,108,81,20,112,-1224,ã
89,89,108,82,20,120,-1232,ã
90,90,109,81,22,104,-1216,ã
90,89,108,81,13,112,-1216,ã
88,88,107,81,9,104,-1208,ã
88,87,106,79,11,120,-1232,ã
90,87,109,79,9,104,-1224,ã
88,89,109,81,18,112,-1200,ã
89,88,108,81,15,104,-1192,ã
90,85,108,82,11,120,-1224,ã
90,88,109,79,9,120,-1240,ã
88,87,107,79,9,112,-1192,ã
88,85,108,79,11,104,-1224,ã
87,84,106,79,11,120,-1224,ã
89,90,108,82,18,120,-1216,ã
88,86,109,81,18,112,-1232,ã
89,91,108,81,20,120,-1232,ã
88,88,109,82,15,112,-1208,ã
88,85,107,79,9,112,-1216,ã
88,83,108,78,4,104,-1200,ã
90,86,107,78,15,104,-1208,ã
89,90,108,82,20,112,-1216,ã
89,89,107,80,15,120,-1224,ã
87,85,107,82,18,120,-1208,ã
89,85,108,79,15,120,-1232,ã
88,85,107,77,11,112,-1216,ã
88,84,107,79,9,128,-1256,ã
87,86,107,80,15,120,-1224,ã
89,90,108,82,20,96,-1208,ã
89,91,108,82,13,112,-1184,ã
88,90,109,82,9,112,-1200,ã
88,87,108,81,9,112,-1216,ã
86,87,106,79,6,120,-1240,ã
87,85,106,80,13,120,-1224,ã
87,88,107,81,18,120,-1216,ã
88,90,108,82,22,120,-1208,ã
87,90,106,81,18,112,-1200,ã
90,88,107,82,11,112,-1216,ã
88,88,107,80,15,120,-1216,ã
87,84,105,79,9,120,-1200,ã
88,85,106,78,13,128,-1232,ã
88,88,107,79,20,112,-1200,ã
88,90,108,82,20,120,-1224,ã
88,89,106,82,20,128,-1224,ã
88,90,106,81,13,128,-1232,ã
89,86,107,80,13,112,-1216,ã
87,85,105,77,6,120,-1224,ã
88,85,107,77,13,112,-1200,ã
90,88,108,81,18,120,-1216,ã
89,89,108,80,15,120,-1216,ã
90,89,108,80,18,120,-1200,ã
88,88,106,79,6,120,-1208,ã
88,88,107,81,15,120,-1208,ã
87,85,105,79,9,104,-1200,ã
87,88,106,79,13,120,-1216,ã
89,85,108,79,15,120,-1200,ã
90,86,108,78,18,120,-1224,ã
89,90,107,80,18,112,-1224,ã
89,89,107,80,13,112,-1200,ã
88,85,107,81,11,128,-1216,ã
87,85,106,78,9,112,-1200,ã
88,87,107,77,13,128,-1224,ã
89,87,108,80,15,120,-1224,ã
90,87,106,82,15,112,-1216,ã
88,85,105,79,11,112,-1208,ã
90,88,105,79,11,128,-1232,ã
88,85,106,79,11,120,-1240,ã
88,82,106,79,9,112,-1208,ã
88,85,105,81,18,120,-1208,ã
89,89,108,81,18,104,-1208,ã
89,89,107,82,11,112,-1208,ã
88,89,108,81,13,112,-1216,ã
88,88,107,79,6,112,-1208,ã
89,87,106,80,9,112,-1200,ã
88,85,106,79,9,104,-1216,ã
89,82,105,78,11,112,-1200,ã
89,89,107,81,20,120,-1200,ã
89,87,105,81,15,120,-1216,ã
90,88,105,83,15,128,-1248,ã
90,88,105,80,15,120,-1208,ã
89,86,107,79,6,104,-1208,ã
89,85,105,78,9,120,-1208,ã
87,85,107,79,15,128,-1216,ã
90,89,107,81,18,104,-1208,ã
89,88,107,81,20,128,-1224,ã
88,88,105,78,11,120,-1208,ã
89,89,106,80,11,112,-1200,ã
87,85,105,78,6,128,-1224,ã
88,85,106,78,11,128,-1240,ã
88,86,106,80,18,104,-1208,ã
89,89,108,81,20,112,-1216,ã
90,88,108,81,13,120,-1224,ã
90,89,106,80,15,120,-1216,ã
87,87,105,82,18,120,-1224,ã
88,83,106,79,6,112,-1216,ã
88,82,106,79,11,112,-1200,ã
88,87,106,79,15,112,-1208,ã
90,89,107,81,18,120,-1208,ã
88,88,106,82,18,104,-1208,ã
88,90,107,81,20,120,-1232,ã
88,89,108,78,11,120,-1232,ã
88,82,106,78,6,128,-1200,ã
90,85,106,79,11,112,-1200,ã
88,86,106,80,18,128,-1232,ã
89,89,107,80,18,112,-1216,ã
90,90,108,79,9,112,-1216,ã
88,85,106,79,9,112,-1208,ã
87,87,106,79,11,112,-1216,ã
87,84,106,79,11,120,-1224,ã
88,87,105,77,13,120,-1216,ã
88,87,106,81,13,120,-1224,ã
88,88,106,80,18,112,-1216,ã
87,86,105,80,11,128,-1224,ã
87,89,107,77,18,112,-1216,ã
88,85,106,79,9,112,-1200,ã
88,85,105,78,9,120,-1216,ã
87,86,107,79,9,128,-1224,ã
87,89,107,81,20,120,-1224,ã
88,85,106,81,13,112,-1208,ã
87,87,106,80,15,128,-1224,ã
88,84,106,80,15,112,-1216,ã
87,86,105,78,11,128,-1232,ã
87,83,105,77,6,120,-1208,ã
85,86,106,81,15,112,-1216,ã
87,89,106,81,18,120,-1224,ã
86,85,106,80,11,104,-1216,ã
88,90,106,80,13,120,-1224,ã
87,90,107,81,6,128,-1232,ã
86,85,106,79,9,128,-1224,ã
87,84,105,77,4,112,-1208,ã
89,87,107,81,13,120,-1248,ã
91,90,107,83,18,128,-1200,ã
93,87,106,82,13,144,-1208,ã
92,86,107,86,11,136,-1200,ã
94,88,106,86,13,136,-1216,ã
92,84,106,82,9,128,-1224,ã
92,79,106,84,6,128,-1208,ã
90,85,107,84,15,120,-1200,ã
90,88,107,84,18,128,-1208,ã
89,87,105,82,20,136,-1216,ã
88,86,106,82,18,144,-1224,ã
88,87,106,81,13,120,-1200,ã
88,85,104,80,4,160,-1232,ã
87,85,105,80,11,128,-1216,ã
88,85,106,81,15,152,-1232,ã
88,88,106,82,18,128,-1224,ã
87,89,106,82,13,128,-1200,ã
87,87,106,79,15,128,-1192,ã
86,84,106,81,13,144,-1224,ã
87,83,104,77,4,128,-1216,ã
86,85,106,79,13,120,-1216,ã
87,86,106,81,18,136,-1208,ã
88,88,106,83,20,128,-1216,ã
88,86,105,81,15,128,-1208,ã
88,86,105,81,9,120,-1216,ã
87,87,106,79,13,120,-1208,ã
86,83,104,79,4,136,-1216,ã
87,85,105,79,11,128,-1208,ã
89,85,105,81,18,128,-1216,ã
87,90,106,81,11,136,-1232,ã
88,86,107,79,9,128,-1200,ã
87,85,104,79,13,120,-1208,ã
88,85,106,79,15,128,-1200,ã
88,83,105,79,9,128,-1224,ã
88,80,106,79,13,128,-1208,ã
88,87,106,81,18,128,-1200,ã
89,89,105,79,15,120,-1208,ã
87,88,105,81,9,128,-1208,ã
86,83,105,81,15,128,-1208,ã
87,86,103,78,6,128,-1208,ã
86,82,105,78,9,128,-1200,ã
88,85,105,78,11,136,-1216,ã
88,87,106,81,18,120,-1200,ã
89,86,106,79,9,120,-1216,ã
87,88,106,80,18,120,-1208,ã
87,84,106,81,13,120,-1216,ã
86,84,105,77,9,168,-1224,ã
86,84,104,79,6,136,-1208,ã
87,85,105,79,15,120,-1232,ã
88,88,106,81,20,128,-1232,ã
88,84,105,80,18,112,-1208,ã
88,88,106,81,15,128,-1216,ã
86,85,104,81,18,128,-1208,ã
87,84,105,77,6,128,-1200,ã
86,84,105,80,11,120,-1200,ã
88,85,105,79,15,136,-1208,ã
88,88,106,79,15,112,-1216,ã
89,84,105,81,13,112,-1224,ã
89,87,104,80,15,120,-1208,ã
89,86,105,81,13,144,-1208,ã
86,81,104,77,6,120,-1208,ã
86,85,106,77,9,136,-1216,ã
88,87,106,79,18,120,-1216,ã
88,89,105,78,20,136,-1216,ã
88,90,105,80,18,136,-1192,ã
87,87,104,79,11,152,-1232,ã
88,86,104,77,9,136,-1208,ã
88,83,105,75,9,120,-1216,ã
90,84,106,77,13,120,-1216,ã
91,89,106,81,18,128,-1192,ã
88,87,104,80,9,160,-1216,ã
88,86,105,79,13,104,-1208,ã
90,88,105,79,13,104,-1200,ã
88,84,104,75,9,120,-1208,ã
88,86,104,77,4,120,-1208,ã
89,85,105,79,13,128,-1216,ã
90,89,106,79,20,128,-1224,ã
90,87,105,77,20,128,-1192,ã
90,87,105,81,9,128,-1208,ã
90,84,105,79,13,120,-1216,ã
88,84,103,77,6,128,-1216,ã
89,85,105,76,9,120,-1192,ã
90,87,105,79,15,136,-1216,ã
90,88,106,77,13,136,-1224,ã
89,89,105,77,15,128,-1200,ã
89,85,106,77,15,128,-1208,ã
88,85,102,77,9,136,-1224,ã
87,83,104,76,4,136,-1224,ã
88,85,104,78,11,144,-1208,ã
89,88,105,79,18,136,-1216,ã
89,85,104,80,15,144,-1224,ã
88,86,105,79,6,120,-1200,ã
89,86,106,76,11,136,-1208,ã
87,83,104,76,11,152,-1200,ã
88,81,103,77,13,144,-1224,ã
89,85,105,77,15,104,-1200,ã
89,89,105,79,13,136,-1224,ã
89,89,105,78,18,160,-1200,ã
88,86,105,79,13,160,-1224,ã
87,87,105,77,6,152,-1224,ã
88,83,104,77,9,144,-1224,ã
87,84,104,77,13,136,-1216,ã
88,87,105,77,15,120,-1192,ã
89,86,105,77,13,136,-1224,ã
88,87,105,78,13,112,-1200,ã
90,85,104,78,11,144,-1208,ã
88,85,104,79,4,136,-1200,ã
87,81,104,78,9,120,-1216,ã
87,83,104,81,18,112,-1192,ã
89,87,105,84,20,128,-1208,ã
87,87,105,88,20,128,-1216,ã
91,87,106,100,15,120,-1216,ã
92,87,104,117,13,104,-1208,ã
89,85,104,116,4,120,-1216,ã
90,85,105,115,11,112,-1208,ã
90,86,105,117,15,136,-1240,ã
91,85,103,113,13,128,-1208,ã
89,90,104,111,18,112,-1208,ã
87,88,104,109,15,120,-1216,ã
87,88,103,109,11,120,-1208,ã
87,84,104,107,9,128,-1224,ã
88,83,104,107,13,120,-1208,ã
88,88,104,108,20,112,-1200,ã
87,89,105,108,9,120,-1200,ã
87,85,105,106,18,120,-1192,ã
88,87,104,106,6,120,-1200,ã
86,85,103,102,9,120,-1216,ã
87,85,102,104,6,120,-1208,ã
87,86,104,105,15,128,-1208,ã
88,89,104,104,15,88,-1224,ã
88,88,103,104,13,128,-1224,ã
87,84,104,103,9,104,-1224,ã
88,83,104,104,15,128,-1240,ã
85,85,103,99,6,128,-1232,ã
86,86,104,100,18,112,-1200,ã
87,87,104,102,18,120,-1216,ã
88,86,103,103,15,120,-1200,ã
89,87,105,100,9,120,-1224,ã
87,87,104,100,13,112,-1208,ã
87,85,103,99,4,136,-1240,ã
87,84,103,98,6,112,-1224,ã
87,83,103,99,13,112,-1200,ã
88,88,104,100,20,104,-1200,ã
89,86,104,98,13,128,-1232,ã
87,85,104,97,11,120,-1216,ã
87,88,102,96,9,120,-1224,ã
88,81,103,96,6,128,-1216,ã
88,86,105,97,9,112,-1224,ã
90,87,104,97,18,128,-1216,ã
89,90,102,95,15,120,-1208,ã
90,87,104,95,13,120,-1216,ã
37,45,105,107,81,400,-1016,ä
37,45,105,108,85,360,-1008,ä
40,42,105,126,81,368,-1024,ä
38,44,103,132,74,376,-1016,ä
40,43,102,126,76,376,-1024,ä
40,41,102,125,67,368,-1008,ä
40,43,102,120,67,392,-1024,ä
40,44,104,105,74,368,-1008,ä
40,45,104,138,74,416,-1000,ä
40,45,104,103,72,376,-1040,ä
40,43,103,106,74,384,-1056,ä
40,45,103,126,76,360,-1016,ä
40,40,102,103,63,328,-1008,ä
40,43,103,102,58,392,-1008,ä
40,45,104,122,76,360,-1008,ä
40,45,104,158,63,352,-1008,ä
40,42,103,110,81,352,-1016,ä
41,44,104,118,83,376,-1032,ä
40,46,104,126,78,416,-1032,ä
40,44,104,109,74,384,-1040,ä
40,48,103,111,81,336,-1008,ä
41,49,103,116,85,416,-1040,ä
40,46,104,113,81,336,-1016,ä
38,48,104,118,85,360,-960,ä
37,41,102,112,76,376,-960,ä
35,43,103,107,76,392,-976,ä
32,40,101,106,65,376,-992,ä
32,41,102,104,72,328,-984,ä
32,44,103,108,81,344,-976,ä
30,42,102,108,81,360,-976,ä
30,45,104,107,81,368,-1000,ä
31,44,102,105,72,360,-984,ä
31,40,101,106,72,376,-992,ä
31,41,102,104,58,368,-1000,ä
32,40,102,106,60,384,-992,ä
32,43,103,106,78,352,-984,ä
32,42,103,104,76,352,-1000,ä
32,43,102,108,69,352,-992,ä
33,44,101,106,74,344,-992,ä
31,40,102,105,65,336,-992,ä
31,41,101,105,60,384,-1000,ä
33,38,102,107,56,352,-984,ä
32,42,102,108,78,360,-984,ä
32,43,102,106,65,376,-1000,ä
31,42,101,118,67,368,-992,ä
32,42,102,156,67,336,-992,ä
32,41,99,106,63,360,-984,ä
31,40,101,143,54,368,-992,ä
30,39,99,103,63,360,-992,ä
32,43,102,127,78,376,-992,ä
32,40,102,106,78,376,-992,ä
31,42,100,105,76,344,-984,ä
32,40,101,105,72,368,-984,ä
32,38,100,104,60,376,-1000,ä
32,40,100,107,60,384,-992,ä
31,43,100,104,67,376,-992,ä
33,42,102,106,76,352,-976,ä
32,42,100,104,74,352,-984,ä
32,41,100,124,67,344,-984,ä
33,40,101,114,72,376,-992,ä
31,38,101,104,63,360,-984,ä
32,40,99,102,60,368,-984,ä
33,40,101,118,72,392,-1000,ä
33,42,102,114,81,352,-984,ä
33,40,101,104,69,352,-968,ä
31,43,100,104,72,328,-968,ä
33,42,101,106,69,384,-992,ä
32,40,101,104,63,360,-976,ä
32,40,100,101,65,376,-992,ä
33,43,100,104,72,360,-984,ä
33,42,101,106,78,352,-984,ä
33,43,102,105,74,376,-992,ä
32,44,101,105,76,368,-1016,ä
31,39,101,120,63,376,-992,ä
30,38,100,102,60,360,-992,ä
31,40,100,102,60,352,-1000,ä
31,40,100,103,67,352,-984,ä
32,41,101,121,76,352,-1000,ä
32,43,101,105,81,376,-1008,ä
32,40,101,106,63,352,-992,ä
32,39,99,108,65,336,-992,ä
32,37,98,163,54,344,-992,ä
32,40,100,106,65,368,-1000,ä
33,40,101,102,72,392,-1008,ä
33,42,101,103,72,368,-1000,ä
31,38,99,104,69,344,-992,ä
32,40,99,106,69,360,-992,ä
33,38,101,104,63,360,-1000,ä
32,40,98,101,58,328,-984,ä
32,40,101,100,63,360,-984,ä
32,40,100,103,76,376,-1000,ä
33,40,100,102,74,352,-984,ä
32,42,100,102,74,344,-984,ä
32,38,100,102,74,352,-1000,ä
32,40,99,103,65,360,-992,ä
32,38,100,100,56,360,-992,ä
31,40,99,101,63,352,-992,ä
32,41,100,102,74,360,-1000,ä
32,41,100,103,65,368,-1000,ä
32,40,100,102,67,368,-992,ä
33,42,99,102,74,360,-976,ä
32,37,99,100,69,376,-984,ä
32,39,99,99,60,336,-968,ä
32,40,98,102,60,376,-976,ä
33,42,100,103,74,368,-960,ä
31,42,100,103,72,376,-976,ä
32,41,99,103,72,384,-968,ä
32,39,99,103,67,392,-976,ä
32,40,100,102,67,352,-976,ä
32,40,99,102,60,392,-992,ä
31,38,97,99,63,352,-976,ä
31,42,100,102,74,360,-968,ä
30,40,101,102,65,352,-960,ä
30,41,101,104,74,360,-952,ä
28,42,98,103,63,368,-976,ä
27,40,99,100,67,384,-976,ä
28,37,99,100,56,344,-968,ä
27,41,99,102,67,352,-968,ä
27,41,100,103,74,360,-968,ä
27,39,100,104,67,376,-968,ä
26,38,98,100,63,360,-960,ä
27,38,100,102,69,352,-968,ä
27,40,99,100,60,392,-992,ä
27,37,98,104,51,352,-968,ä
27,36,100,106,65,384,-976,ä
28,41,99,108,74,384,-968,ä
27,40,100,104,78,408,-992,ä
26,38,98,120,74,368,-968,ä
28,40,99,100,63,360,-968,ä
27,36,98,101,63,376,-984,ä
27,37,99,100,60,360,-968,ä
28,38,98,99,67,384,-976,ä
28,40,100,103,76,384,-976,ä
29,40,98,103,69,368,-968,ä
27,39,99,102,65,376,-960,ä
27,40,98,102,69,368,-944,ä
27,38,99,100,54,368,-952,ä
27,36,97,100,60,368,-944,ä
28,41,99,100,67,376,-936,ä
28,42,100,102,76,304,-888,ä
28,36,101,101,69,352,-928,ä
28,38,99,100,67,368,-936,ä
28,39,97,102,72,360,-928,ä
27,37,98,99,60,352,-936,ä
27,38,98,100,67,384,-920,ä
27,39,100,100,69,368,-920,ä
28,40,100,102,81,360,-920,ä
28,39,99,102,72,336,-936,ä
28,37,100,102,69,336,-952,ä
26,39,98,102,63,344,-952,ä
28,36,99,99,60,312,-944,ä
27,35,98,100,54,320,-944,ä
28,40,99,114,72,328,-968,ä
28,41,97,142,76,336,-984,ä
28,38,99,106,76,336,-1000,ä
28,41,99,109,72,336,-992,ä
28,38,98,104,69,336,-1000,ä
27,37,97,103,60,352,-1000,ä
28,37,98,101,65,352,-992,ä
28,39,98,109,69,376,-992,ä
28,39,99,108,72,376,-1016,ä
28,38,97,108,69,352,-1008,ä
28,40,96,109,60,344,-1008,ä
28,36,98,103,67,360,-1016,ä
27,36,97,108,60,368,-1000,ä
27,39,99,106,65,344,-1008,ä
28,40,98,105,72,344,-1000,ä
27,40,98,109,76,336,-992,ä
28,41,98,102,74,360,-1008,ä
29,40,98,106,67,336,-1000,ä
29,40,98,109,69,336,-1000,ä
28,36,97,100,60,368,-992,ä
29,37,96,102,56,368,-1008,ä
28,39,98,103,74,368,-1000,ä
28,40,97,102,69,328,-992,ä
29,40,99,100,76,352,-1000,ä
28,38,98,102,69,360,-984,ä
28,39,98,102,65,376,-992,ä
28,39,98,100,58,352,-1000,ä
28,39,98,100,60,376,-992,ä
29,40,98,109,72,320,-984,ä
29,38,99,104,65,360,-1000,ä
28,37,98,101,65,360,-992,ä
27,40,99,100,69,336,-976,ä
29,40,98,100,60,344,-984,ä
28,37,98,99,58,368,-1000,ä
29,36,98,99,56,328,-984,ä
29,39,99,101,74,336,-984,ä
29,40,98,102,76,344,-984,ä
29,39,97,101,74,344,-976,ä
28,39,99,99,67,336,-992,ä
28,38,98,99,60,352,-984,ä
28,36,98,99,58,352,-984,ä
27,37,96,99,65,360,-992,ä
28,40,99,100,74,344,-968,ä
28,40,98,101,76,352,-968,ä
28,38,98,100,72,376,-992,ä
27,40,98,102,65,352,-968,ä
27,37,97,99,63,400,-1016,ä
28,36,97,98,58,360,-984,ä
29,38,98,99,63,392,-984,ä
29,40,99,101,74,368,-984,ä
28,40,98,102,67,384,-992,ä
29,41,98,101,63,368,-976,ä
27,38,98,102,67,376,-984,ä
27,39,97,99,63,360,-984,ä
29,37,98,99,63,376,-968,ä
28,39,98,100,69,376,-976,ä
29,40,98,101,72,368,-968,ä
28,41,98,101,72,352,-976,ä
29,40,98,101,72,368,-992,ä
28,39,98,102,69,352,-976,ä
28,39,97,100,63,376,-992,ä
28,39,97,100,63,344,-968,ä
29,40,98,101,67,344,-968,ä
29,40,98,102,74,368,-968,ä
29,39,97,104,65,352,-984,ä
29,40,98,102,69,360,-968,ä
28,37,98,102,67,368,-976,ä
27,37,97,100,58,360,-960,ä
28,39,97,101,67,384,-976,ä
29,40,97,103,69,368,-976,ä
29,40,98,104,72,376,-984,ä
28,38,98,102,72,352,-976,ä
28,40,98,102,67,352,-952,ä
29,37,97,103,67,368,-976,ä
29,39,98,101,63,352,-968,ä
29,38,96,101,63,360,-976,ä
29,40,98,102,67,368,-976,ä
29,40,98,104,72,368,-976,ä
28,40,99,102,69,344,-960,ä
29,37,98,104,69,368,-976,ä
29,40,98,103,67,352,-976,ä
28,38,97,100,60,368,-984,ä
27,38,98,106,65,344,-976,ä
29,39,97,102,69,352,-976,ä
29,40,98,109,72,344,-968,ä
29,39,97,105,69,400,-992,ä
29,39,98,104,67,400,-1000,ä
29,39,97,106,65,376,-976,ä
29,38,97,106,60,376,-984,ä
28,36,97,104,63,360,-976,ä
29,40,98,101,69,368,-976,ä
29,41,97,101,67,376,-976,ä
29,40,97,104,67,368,-984,ä
29,40,97,104,65,376,-976,ä
28,40,96,102,60,392,-1000,ä
29,37,97,98,58,376,-976,ä
27,36,98,97,67,360,-976,ä
29,41,98,99,74,384,-992,ä
29,38,98,100,69,368,-984,ä
29,40,98,100,67,352,-992,ä
29,40,98,100,65,384,-984,ä
28,38,97,104,60,352,-968,ä
28,38,97,99,60,376,-968,ä
28,39,97,131,67,344,-976,ä
30,40,98,133,72,360,-992,ä
30,40,98,103,69,376,-984,ä
28,40,98,99,72,344,-976,ä
30,41,98,100,63,360,-976,ä
29,39,96,98,58,368,-976,ä
29,37,97,98,60,352,-976,ä
29,39,98,99,67,360,-976,ä
29,40,98,100,72,368,-984,ä
29,39,98,99,65,352,-976,ä
30,40,97,99,67,368,-984,ä
29,40,98,99,60,344,-968,ä
29,38,97,98,56,376,-1000,ä
29,37,97,99,56,376,-984,ä
29,40,97,99,67,376,-992,ä
29,40,98,99,72,376,-984,ä
30,40,97,100,69,376,-984,ä
29,40,96,98,67,376,-976,ä
29,37,97,99,63,376,-984,ä
28,37,97,97,60,376,-992,ä
28,37,97,99,60,376,-984,ä
29,40,97,99,69,368,-984,ä
29,39,98,99,69,344,-968,ä
29,38,97,100,67,360,-984,ä
29,39,98,100,69,384,-1000,ä
28,39,96,99,65,384,-992,ä
29,37,97,98,58,344,-968,ä
28,40,96,99,60,360,-992,ä
29,40,97,99,67,384,-992,ä
29,40,97,100,72,368,-976,ä
29,39,98,100,67,376,-976,ä
28,37,96,99,67,360,-976,ä
28,39,96,98,63,352,-968,ä
29,38,97,97,58,344,-976,ä
28,37,96,97,63,344,-968,ä
29,40,97,100,72,352,-976,ä
28,40,98,99,72,376,-992,ä
29,39,97,100,69,368,-992,ä
30,37,97,100,65,368,-984,ä
29,37,96,97,51,376,-976,ä
28,37,96,97,58,360,-984,ä
29,39,97,98,65,384,-984,ä
29,41,98,99,72,344,-984,ä
29,38,97,97,65,392,-1000,ä
29,39,98,99,65,360,-1000,ä
28,39,97,99,69,368,-1008,ä
29,36,96,97,58,376,-984,ä
28,38,96,98,63,344,-984,ä
29,39,97,99,65,384,-1000,ä
29,40,97,99,69,384,-1000,ä
29,40,97,98,72,344,-984,ä
29,38,96,99,76,376,-984,ä
28,38,97,97,67,352,-984,ä
28,37,95,96,56,408,-992,ä
29,36,97,97,65,368,-992,ä
29,39,97,99,65,352,-984,ä
29,40,97,99,69,344,-976,ä
29,39,97,99,65,376,-984,ä
29,39,97,99,63,384,-992,ä
29,40,98,97,69,368,-984,ä
29,36,97,97,56,376,-992,ä
29,39,97,98,63,352,-984,ä
29,40,97,99,67,352,-984,ä
29,40,97,98,63,376,-976,ä
29,40,97,98,63,344,-968,ä
29,38,96,99,58,384,-1000,ä
29,40,95,99,63,376,-992,ä
29,39,96,97,56,344,-984,ä
29,40,96,96,63,384,-1000,ä
29,40,97,99,69,352,-976,ä
28,41,97,99,65,376,-976,ä
28,37,95,98,65,384,-984,ä
28,40,96,99,63,368,-976,ä
30,38,96,97,58,384,-1008,ä
28,36,95,97,58,368,-984,ä
30,39,97,99,54,376,-976,ä
29,40,97,99,69,360,-976,ä
30,38,98,99,74,384,-992,ä
29,40,97,97,69,352,-984,ä
28,40,94,99,69,368,-984,ä
29,39,96,97,60,352,-976,ä
29,37,96,97,56,376,-984,ä
28,40,97,97,67,352,-968,ä
30,40,97,100,63,360,-984,ä
28,37,95,97,60,376,-984,ä
28,40,97,99,67,368,-984,ä
29,40,97,98,67,376,-992,ä
29,37,96,96,56,368,-984,ä
28,38,95,97,51,400,-1000,ä
29,39,97,98,65,376,-984,ä
29,41,97,99,74,368,-976,ä
29,40,97,97,63,376,-992,ä
28,36,96,97,69,376,-1008,ä
29,40,97,99,63,368,-984,ä
29,38,96,97,54,376,-992,ä
29,38,97,96,58,376,-992,ä
29,39,97,97,65,360,-976,ä
29,41,97,99,74,376,-984,ä
29,40,95,98,65,360,-984,ä
28,40,96,98,60,360,-976,ä
29,38,97,97,60,360,-984,ä
29,37,96,97,54,360,-992,ä
29,36,96,97,65,384,-992,ä
29,40,97,98,67,360,-984,ä
30,40,96,99,69,384,-992,ä
30,40,96,99,72,368,-976,ä
29,40,95,99,67,376,-984,ä
30,40,97,98,60,352,-984,ä
29,36,96,97,51,344,-968,ä
29,40,96,95,54,384,-1000,ä
29,40,97,99,72,344,-976,ä
29,41,96,99,65,352,-968,ä
29,41,97,98,74,384,-1000,ä
28,40,97,99,60,352,-976,ä
29,40,97,97,60,384,-984,ä
29,36,96,96,56,376,-984,ä
28,38,97,95,58,376,-992,ä
29,40,96,98,72,368,-984,ä
28,40,96,99,67,368,-992,ä
28,40,96,98,67,368,-992,ä
30,40,97,99,65,368,-992,ä
29,39,96,95,54,360,-984,ä
29,38,95,96,54,376,-1000,ä
29,40,97,97,67,376,-976,ä
30,40,97,99,72,368,-984,ä
30,40,95,97,72,384,-984,ä
28,38,96,96,74,360,-968,ä
29,41,97,97,69,368,-992,ä
28,39,95,95,56,376,-984,ä
29,37,96,97,54,360,-984,ä
28,39,95,96,60,360,-976,ä
29,41,97,99,72,352,-984,ä
28,40,97,97,69,392,-992,ä
29,37,98,98,60,344,-984,ä
29,40,96,97,69,376,-984,ä
29,38,96,95,60,376,-984,ä
29,36,96,95,63,392,-992,ä
29,40,96,97,65,384,-992,ä
29,41,97,99,72,384,-992,ä
30,41,95,99,63,376,-984,ä
29,39,97,96,72,352,-984,ä
29,40,95,98,67,384,-984,ä
29,39,95,95,60,360,-976,ä
28,39,96,96,60,376,-992,ä
29,40,97,97,69,384,-992,ä
29,40,98,98,76,352,-992,ä
30,41,97,99,69,368,-984,ä
29,41,97,97,65,360,-992,ä
28,39,95,95,65,384,-984,ä
28,40,95,96,60,368,-1000,ä
30,37,95,97,60,376,-992,ä
29,40,97,97,60,368,-992,ä
30,41,97,99,72,368,-992,ä
29,39,97,99,67,384,-1000,ä
29,40,97,97,72,376,-992,ä
29,39,96,99,65,384,-1000,ä
29,37,94,95,56,400,-1000,ä
29,40,94,97,63,376,-1000,ä
29,40,96,97,67,376,-992,ä
29,42,97,99,72,376,-1000,ä
29,40,96,99,69,352,-984,ä
28,38,97,97,72,392,-992,ä
28,41,97,98,69,344,-992,ä
29,36,95,97,56,376,-992,ä
29,40,98,96,54,352,-992,ä
30,40,97,99,67,368,-992,ä
29,41,97,99,67,376,-992,ä
28,38,97,100,76,376,-992,ä
29,38,96,100,67,360,-984,ä
28,40,95,108,69,384,-1008,ä
29,36,95,99,56,344,-984,ä
29,40,96,102,63,368,-992,ä
29,40,97,101,72,352,-984,ä
30,40,98,100,74,360,-992,ä
28,38,96,99,72,384,-992,ä
28,40,95,102,72,360,-992,ä
29,42,94,102,67,384,-1000,ä
28,39,95,99,58,352,-984,ä
29,36,96,101,63,368,-992,ä
29,40,97,102,67,384,-992,ä
30,41,97,102,69,360,-984,ä
29,41,97,100,65,376,-1000,ä
28,37,97,102,58,368,-984,ä
29,40,95,101,63,344,-984,ä
29,38,96,100,54,360,-984,ä
30,37,96,101,63,352,-984,ä
29,41,96,102,69,368,-984,ä
29,42,96,103,69,376,-992,ä
29,39,96,103,69,384,-992,ä
28,40,94,102,69,384,-1000,ä
29,40,95,105,67,360,-984,ä
29,36,95,100,58,376,-992,ä
29,36,96,100,58,376,-992,ä
29,40,96,101,67,352,-984,ä
29,42,96,101,65,384,-992,ä
30,38,95,102,74,376,-1008,ä
28,37,95,102,67,368,-976,ä
29,39,95,103,69,384,-1000,ä
29,39,96,104,58,368,-984,ä
28,38,96,104,63,376,-992,ä
29,39,96,101,69,384,-992,ä
29,41,97,106,67,376,-992,ä
30,41,96,105,72,384,-1000,ä
29,40,97,100,63,360,-992,ä
28,39,97,99,63,384,-1000,ä
29,36,95,101,56,360,-992,ä
29,39,95,97,56,376,-984,ä
29,40,96,99,65,368,-984,ä
30,41,96,113,72,392,-1008,ä
28,37,97,100,69,352,-984,ä
29,40,95,100,65,352,-984,ä
29,39,96,106,65,352,-976,ä
28,38,94,103,60,352,-976,ä
29,38,96,133,63,384,-984,ä
29,40,96,129,63,384,-976,ä
30,40,97,100,74,360,-984,ä
28,39,95,101,63,392,-992,ä
29,40,97,99,65,368,-992,ä
30,40,96,97,60,384,-1016,ä
29,36,95,96,60,384,-1000,ä
31,38,95,95,54,360,-976,ä
32,39,94,96,63,384,-992,ä
32,40,96,98,74,392,-992,ä
33,40,97,95,65,376,-984,ä
33,40,96,97,67,352,-984,ä
33,36,95,97,67,384,-1000,ä
34,38,95,96,54,376,-1000,ä
34,36,95,94,56,384,-992,ä
33,40,95,97,56,352,-984,ä
33,40,96,131,72,392,-1000,ä
33,39,95,130,72,368,-992,ä
33,40,96,97,67,344,-984,ä
32,38,94,97,63,352,-992,ä
32,37,96,97,60,384,-992,ä
32,37,95,96,54,368,-984,ä
32,38,96,95,67,376,-992,ä
32,40,96,98,69,368,-992,ä
32,40,96,98,65,360,-984,ä
32,40,96,97,69,352,-976,ä
33,40,96,100,65,384,-1000,ä
33,37,95,98,65,368,-976,ä
31,36,94,97,58,368,-976,ä
31,38,96,98,56,384,-1000,ä
32,38,96,98,67,392,-992,ä
33,39,97,99,69,368,-992,ä
70,67,76,158,90,144,-1224,å
71,63,75,174,83,136,-1248,å
72,64,74,131,87,152,-1248,å
72,63,75,124,87,136,-1264,å
73,64,76,119,96,136,-1248,å
73,66,74,120,87,144,-1256,å
71,63,74,122,87,152,-1264,å
72,61,74,372,83,144,-1248,å
71,61,74,369,81,144,-1248,å
71,59,73,371,81,144,-1256,å
72,60,75,372,87,144,-1264,å
72,63,74,372,92,144,-1232,å
72,63,75,372,81,136,-1256,å
71,62,73,61,76,136,-1224,å
72,63,74,60,74,136,-1248,å
70,60,73,370,74,160,-1256,å
70,59,73,365,76,112,-1240,å
71,60,72,225,83,120,-1256,å
72,63,74,199,92,120,-1256,å
70,61,74,372,90,88,-1256,å
72,61,73,61,85,96,-1224,å
70,60,74,59,83,112,-1224,å
69,60,73,59,78,120,-1256,å
70,59,72,58,72,96,-1224,å
69,59,73,59,78,120,-1248,å
72,63,74,59,90,120,-1256,å
69,61,74,60,78,96,-1240,å
71,60,73,60,78,120,-1224,å
70,61,74,58,83,120,-1200,å
70,61,72,58,74,136,-1232,å
70,59,71,57,72,168,-1240,å
70,57,71,57,76,128,-1216,å
70,62,73,58,83,128,-1232,å
72,63,73,58,74,120,-1232,å
70,61,71,57,83,136,-1216,å
70,58,73,58,81,152,-1240,å
71,59,72,58,72,112,-1240,å
70,57,70,57,69,120,-1224,å
72,57,72,58,69,152,-1240,å
70,60,72,58,83,104,-1272,å
71,58,73,56,85,120,-1248,å
69,58,72,76,78,144,-1224,å
70,62,72,58,81,128,-1208,å
72,56,71,58,83,144,-1248,å
68,57,70,56,69,152,-1248,å
70,56,71,55,76,168,-1224,å
70,60,71,63,76,104,-1208,å
70,61,72,71,85,144,-1288,å
69,57,70,372,78,152,-1304,å
70,58,70,59,81,120,-1216,å
68,59,68,68,78,80,-1216,å
69,58,69,175,67,8,-1216,å
69,57,68,56,76,40,-1240,å
69,59,70,367,81,144,-1200,å
70,60,70,57,76,152,-1272,å
71,57,70,57,78,112,-1264,å
70,58,69,57,74,96,-1232,å
70,59,68,57,72,96,-1272,å
67,56,68,54,72,128,-1232,å
68,55,69,55,69,80,-1224,å
68,58,69,57,78,88,-1248,å
69,60,70,57,83,88,-1256,å
70,56,69,56,81,96,-1264,å
70,58,69,60,78,152,-1280,å
70,57,70,59,74,72,-1232,å
67,55,68,86,67,128,-1216,å
67,55,69,59,74,96,-1216,å
68,56,68,59,76,96,-1256,å
69,59,69,61,81,120,-1264,å
68,59,69,54,78,104,-1264,å
67,55,68,372,78,120,-1272,å
69,58,67,372,60,96,-1272,å
68,54,68,54,58,8,-1256,å
69,54,69,54,56,-8,-1224,å
68,58,68,55,76,88,-1200,å
68,58,70,59,83,32,-1192,å
70,58,70,54,78,16,-1184,å
68,56,70,57,76,56,-1216,å
68,56,69,54,74,32,-1264,å
67,56,69,55,67,32,-1264,å
68,56,69,52,58,64,-1288,å
68,58,70,53,72,112,-1256,å
69,59,69,55,78,96,-1256,å
68,54,69,55,67,72,-1216,å
68,57,68,56,63,72,-1232,å
67,57,67,55,81,72,-1224,å
66,59,67,55,63,88,-1208,å
66,55,67,54,65,120,-1232,å
68,56,68,55,69,88,-1264,å
68,57,69,55,78,88,-1256,å
69,59,70,55,67,112,-1216,å
66,57,69,56,65,144,-1224,å
68,56,69,54,72,160,-1240,å
66,57,68,54,60,152,-1256,å
66,54,67,54,63,144,-1264,å
66,54,68,54,72,176,-1272,å
68,58,69,54,74,112,-1232,å
68,59,69,55,78,136,-1256,å
69,57,69,53,83,120,-1248,å
69,58,68,54,76,152,-1200,å
68,58,69,55,72,144,-1200,å
68,55,68,52,67,136,-1264,å
66,55,68,53,67,144,-1264,å
67,58,67,54,72,144,-1240,å
68,60,69,55,81,136,-1232,å
68,59,68,54,67,144,-1192,å
68,55,69,55,67,136,-1224,å
67,59,68,54,74,160,-1248,å
67,56,68,52,65,152,-1248,å
66,55,67,52,67,152,-1232,å
66,56,67,52,72,152,-1232,å
68,58,69,55,76,144,-1240,å
66,58,68,54,81,144,-1240,å
68,58,69,55,69,112,-1240,å
67,60,69,55,78,144,-1224,å
67,62,69,55,63,160,-1232,å
65,63,68,54,63,184,-1248,å
66,63,69,56,76,144,-1248,å
68,65,70,56,76,152,-1232,å
68,69,71,59,83,168,-1248,å
65,64,69,57,87,160,-1240,å
68,67,70,56,78,144,-1232,å
67,66,70,57,74,152,-1232,å
66,62,68,55,67,168,-1256,å
67,63,68,54,67,168,-1256,å
67,64,69,57,78,160,-1256,å
67,67,70,58,85,160,-1272,å
68,67,68,57,67,144,-1232,å
66,66,69,56,78,160,-1256,å
68,67,70,54,72,152,-1232,å
66,63,69,55,60,152,-1248,å
66,62,68,54,63,152,-1248,å
68,61,68,54,72,144,-1224,å
67,67,70,56,83,144,-1240,å
66,67,70,56,69,136,-1224,å
66,65,68,57,81,152,-1232,å
65,64,69,55,69,144,-1248,å
66,64,69,55,74,160,-1248,å
66,59,69,55,72,152,-1224,å
64,64,67,55,67,160,-1248,å
67,65,70,56,83,152,-1248,å
67,65,69,59,78,144,-1232,å
65,66,67,56,76,168,-1256,å
67,63,69,72,81,144,-1240,å
66,64,69,56,65,160,-1256,å
66,62,67,54,67,144,-1240,å
66,63,69,56,72,160,-1248,å
67,65,72,61,85,160,-1256,å
67,67,72,63,92,152,-1264,å
66,67,70,63,85,144,-1224,å
67,67,72,62,87,144,-1248,å
66,64,71,61,83,136,-1216,å
66,62,69,60,65,152,-1248,å
66,60,69,59,65,144,-1216,å
66,65,69,59,69,144,-1224,å
67,66,71,60,90,136,-1240,å
67,67,69,58,81,136,-1224,å
65,65,70,59,74,160,-1248,å
66,64,70,59,78,152,-1248,å
67,62,70,59,76,128,-1240,å
65,61,69,57,67,144,-1264,å
67,63,68,57,78,136,-1240,å
66,67,71,59,87,120,-1240,å
66,67,71,59,76,136,-1240,å
65,64,70,61,74,128,-1240,å
66,66,71,59,76,120,-1248,å
66,64,71,59,81,136,-1240,å
66,63,69,58,65,128,-1240,å
67,62,70,59,74,128,-1232,å
70,63,70,60,87,128,-1240,å
70,66,71,60,87,128,-1232,å
70,67,70,60,76,168,-1256,å
69,66,69,61,85,112,-1256,å
69,65,69,59,78,104,-1248,å
68,60,70,59,67,120,-1224,å
68,62,69,58,69,136,-1224,å
69,60,68,59,74,120,-1232,å
68,66,70,60,87,120,-1240,å
72,65,69,58,83,128,-1248,å
73,66,70,59,85,120,-1248,å
75,63,71,59,81,112,-1224,å
76,61,68,59,67,120,-1232,å
77,61,69,57,74,112,-1248,å
75,64,70,57,81,104,-1248,å
82,63,70,59,83,128,-1216,å
85,66,71,61,90,112,-1248,å
79,62,71,60,78,128,-1240,å
78,62,69,59,85,104,-1240,å
77,60,69,59,72,120,-1248,å
75,63,67,57,69,120,-1232,å
74,60,69,57,67,128,-1256,å
72,62,69,57,74,120,-1224,å
72,65,71,59,90,120,-1248,å
71,62,70,60,87,120,-1240,å
69,61,68,57,69,104,-1248,å
69,62,68,59,81,120,-1240,å
68,62,69,59,67,120,-1248,å
67,60,67,57,74,120,-1256,å
72,63,67,59,74,128,-1272,å
72,63,70,59,83,112,-1232,å
73,65,70,58,83,120,-1232,å
73,62,70,58,78,120,-1256,å
73,61,69,59,81,136,-1248,å
73,62,70,57,78,120,-1232,å
71,59,68,57,72,120,-1240,å
71,62,68,56,65,128,-1248,å
70,60,69,57,78,136,-1232,å
72,66,70,59,85,128,-1224,å
71,63,69,59,83,120,-1216,å
71,63,69,58,87,136,-1240,å
71,63,70,59,72,128,-1240,å
72,65,69,58,76,136,-1256,å
69,58,67,55,63,120,-1240,å
71,59,68,58,76,144,-1240,å
72,64,69,59,83,136,-1216,å
72,66,70,59,81,112,-1224,å
71,64,70,57,76,112,-1224,å
69,64,69,58,76,128,-1240,å
72,61,69,59,76,112,-1232,å
71,60,67,57,72,96,-1256,å
71,60,68,57,65,112,-1216,å
72,63,69,59,78,128,-1216,å
72,64,70,61,85,104,-1240,å
70,64,70,63,81,128,-1232,å
72,63,68,63,83,120,-1232,å
72,63,70,57,83,120,-1240,å
71,61,68,66,72,96,-1256,å
70,61,68,58,67,112,-1208,å
73,61,70,70,74,120,-1224,å
72,64,69,73,83,112,-1216,å
72,63,69,62,85,120,-1224,å
72,62,69,60,83,128,-1240,å
70,63,68,60,74,112,-1240,å
69,63,68,59,81,112,-1240,å
69,61,67,57,69,112,-1232,å
71,60,68,59,74,112,-1216,å
71,63,69,58,78,112,-1224,å
72,65,69,60,85,128,-1232,å
70,62,67,58,81,112,-1224,å
70,65,69,58,76,120,-1240,å
70,61,69,58,85,96,-1200,å
70,62,68,57,67,120,-1224,å
70,59,68,57,69,104,-1232,å
69,59,69,58,74,104,-1232,å
72,63,70,59,81,96,-1240,å
70,64,69,59,81,96,-1224,å
70,62,69,59,74,104,-1224,å
72,63,69,58,74,96,-1224,å
71,63,69,59,74,88,-1232,å
69,60,68,57,72,120,-1232,å
72,61,68,56,76,96,-1272,å
70,63,69,57,81,64,-1256,å
71,63,69,58,81,128,-1240,å
70,63,69,59,74,104,-1232,å
70,63,69,58,72,160,-1224,å
71,62,68,57,76,152,-1224,å
70,61,68,56,67,136,-1248,å
70,59,68,55,72,152,-1224,å
70,62,69,57,76,200,-1208,å
70,63,69,58,81,216,-1192,å
70,62,69,57,76,176,-1200,å
70,62,68,58,72,224,-1168,å
69,63,68,57,74,232,-1160,å
69,62,68,57,67,224,-1144,å
69,60,68,55,69,224,-1160,å
69,62,68,56,72,208,-1152,å
70,63,69,57,78,176,-1176,å
69,64,69,102,72,168,-1216,å
69,63,69,59,76,144,-1224,å
69,63,68,59,72,160,-1232,å
68,62,68,57,74,176,-1200,å
69,61,67,56,69,192,-1192,å
69,61,68,57,69,160,-1200,å
69,62,68,57,74,144,-1176,å
69,63,69,57,78,176,-1200,å
68,63,69,58,78,184,-1200,å
69,62,68,57,74,176,-1176,å
68,60,68,58,74,160,-1176,å
68,61,67,57,67,208,-1176,å
68,59,67,55,67,192,-1184,å
68,62,68,55,69,168,-1176,å
69,63,69,61,81,168,-1192,å
69,63,68,69,72,168,-1208,å
68,61,67,70,76,192,-1184,å
69,62,68,57,74,208,-1200,å
69,61,68,73,72,176,-1176,å
68,61,68,74,69,200,-1200,å
69,60,67,68,69,200,-1192,å
68,63,69,69,78,208,-1200,å
69,64,69,59,81,208,-1208,å
68,61,69,58,72,192,-1192,å
68,63,68,59,69,224,-1208,å
67,62,69,58,74,216,-1200,å
68,60,67,57,63,224,-1200,å
68,60,68,57,63,216,-1216,å
68,60,68,57,72,184,-1192,å
69,63,69,59,78,168,-1168,å
68,64,69,59,67,216,-1184,å
68,60,67,57,65,208,-1192,å
68,63,67,58,72,184,-1200,å
69,62,68,58,65,192,-1168,å
68,60,66,55,60,208,-1200,å
67,63,69,57,63,200,-1216,å
68,62,68,57,72,224,-1216,å
69,63,69,57,74,184,-1184,å
69,63,68,58,72,224,-1208,å
69,62,66,55,72,208,-1216,å
67,61,68,55,69,200,-1200,å
68,62,67,55,51,208,-1200,å
68,59,66,60,58,200,-1200,å
69,61,67,57,72,192,-1192,å
69,64,68,59,76,216,-1216,å
69,64,68,58,65,208,-1200,å
68,63,68,71,69,200,-1208,å
68,62,68,65,67,200,-1200,å
68,60,68,66,65,192,-1176,å
68,59,67,65,58,200,-1200,å
68,58,66,64,56,176,-1200,å
69,63,68,65,74,200,-1192,å
69,63,68,65,74,192,-1208,å
69,63,68,68,72,184,-1168,å
67,63,68,66,72,208,-1208,å
69,63,69,66,67,216,-1224,å
67,59,67,85,51,184,-1200,å
66,58,67,86,58,200,-1192,å
68,63,68,56,67,200,-1200,å
69,63,69,57,74,200,-1240,å
68,64,67,56,72,192,-1200,å
69,62,66,57,63,192,-1176,å
68,61,68,55,58,208,-1248,å
67,58,67,55,63,176,-1200,å
67,59,66,55,51,192,-1200,å
68,59,67,56,56,184,-1200,å
68,61,68,56,67,200,-1224,å
68,63,69,57,65,184,-1216,å
69,59,69,58,72,176,-1216,å
69,62,68,57,63,160,-1200,å
67,62,67,55,69,168,-1192,å
67,60,66,56,60,168,-1224,å
67,58,66,57,63,200,-1192,å
68,61,67,55,67,192,-1192,å
69,63,68,57,76,184,-1216,å
68,62,67,57,72,152,-1240,å
69,61,67,57,72,136,-1240,å
69,60,67,56,63,144,-1224,å
67,62,67,57,65,128,-1232,å
67,58,66,83,60,160,-1248,å
69,62,67,54,60,152,-1248,å
68,61,68,84,67,160,-1240,å
69,63,68,75,72,152,-1216,å
68,63,67,62,65,144,-1232,å
68,63,68,59,65,168,-1248,å
68,59,68,59,60,128,-1256,å
68,60,67,55,58,136,-1248,å
68,60,67,55,58,128,-1232,å
68,60,67,55,63,112,-1248,å
69,62,68,56,72,128,-1216,å
69,62,67,56,63,144,-1240,å
68,61,67,56,65,136,-1232,å
68,60,67,56,63,152,-1264,å
68,61,67,57,63,144,-1224,å
68,61,67,55,65,136,-1224,å
68,60,67,55,63,128,-1240,å
68,61,68,57,63,120,-1256,å
69,63,68,57,72,136,-1248,å
68,62,67,55,63,200,-1272,å
67,60,67,56,65,168,-1216,å
69,61,67,55,63,128,-1240,å
68,60,67,55,58,128,-1232,å
68,59,66,57,54,152,-1232,å
69,62,67,63,63,144,-1232,å
69,62,68,56,69,144,-1248,å
69,62,67,55,65,120,-1216,å
68,59,68,55,67,120,-1248,å
68,62,67,55,58,136,-1240,å
68,60,67,55,65,128,-1248,å
68,59,66,55,58,120,-1232,å
68,58,66,55,63,128,-1240,å
68,60,67,97,63,120,-1240,å
69,62,68,99,69,128,-1240,å
68,61,67,86,65,136,-1240,å
69,61,67,86,63,120,-1224,å
68,62,66,91,65,144,-1248,å
68,59,67,55,58,128,-1240,å
68,59,67,55,56,128,-1232,å
68,60,67,55,60,144,-1256,å
69,61,67,65,65,136,-1240,å
69,62,68,69,67,128,-1232,å
68,61,67,69,60,144,-1224,å
68,61,67,69,63,136,-1240,å
68,59,67,70,60,144,-1248,å
68,59,67,66,58,160,-1264,å
68,59,66,64,60,128,-1240,å
68,60,67,64,60,144,-1256,å
68,62,67,60,60,160,-1264,å
68,61,66,60,63,144,-1240,å
69,62,67,55,67,136,-1224,å
68,61,66,55,65,136,-1240,å
68,61,67,55,63,144,-1240,å
68,59,66,55,56,152,-1256,å
68,59,67,56,58,136,-1248,å
68,61,67,56,67,136,-1232,å
68,63,67,55,67,128,-1224,å
69,61,66,55,65,128,-1240,å
69,61,67,55,60,128,-1240,å
68,61,67,56,60,136,-1248,å
67,59,66,55,60,136,-1224,å
68,58,67,54,60,128,-1232,å
68,60,67,54,65,136,-1224,å
68,61,67,55,69,144,-1232,å
69,61,67,55,67,144,-1248,å
67,61,67,55,69,152,-1256,å
68,62,67,56,69,136,-1232,å
67,61,67,55,69,152,-1240,å
67,59,66,55,60,160,-1264,å
68,59,67,54,63,136,-1240,å
68,60,67,55,69,152,-1240,å
68,62,67,56,72,136,-1232,å
68,61,67,56,67,136,-1232,å
69,59,67,56,65,128,-1216,å
68,59,67,56,65,144,-1240,å
68,60,67,55,65,152,-1248,å
68,58,66,55,63,152,-1248,å
67,60,67,55,63,136,-1216,å
68,61,67,55,72,144,-1240,å
68,62,67,55,67,152,-1248,å
68,60,67,55,67,144,-1232,å
68,60,67,56,63,136,-1224,å
68,60,67,55,63,152,-1240,å
68,58,67,54,60,152,-1248,å
68,59,66,55,60,152,-1248,å
68,59,66,55,67,136,-1232,å
68,61,67,55,72,152,-1248,å
68,61,67,56,65,144,-1248,å
68,61,67,56,65,136,-1232,å
69,61,67,55,65,144,-1256,å
68,60,66,55,65,136,-1240,å
68,58,66,54,63,144,-1232,å
68,58,67,54,67,144,-1232,å
68,60,67,55,69,160,-1256,å
68,61,67,56,72,144,-1232,å
67,61,67,56,69,152,-1232,å
68,62,66,55,63,160,-1240,å
68,58,68,56,65,136,-1256,å
68,60,67,55,58,128,-1248,å
67,58,66,54,60,144,-1240,å
69,58,67,54,69,152,-1240,å
68,62,68,55,72,152,-1232,å
68,63,68,56,69,136,-1248,å
68,62,67,54,67,168,-1272,å
69,61,67,55,69,144,-1248,å
68,60,66,55,67,144,-1216,å
67,58,66,55,58,152,-1248,å
68,59,66,54,63,144,-1232,å
68,60,67,55,67,152,-1240,å
68,61,68,56,74,152,-1240,å
68,62,67,55,72,136,-1240,å
68,62,67,55,67,144,-1232,å
67,58,66,55,65,144,-1240,å
68,59,66,55,63,144,-1248,å
67,58,66,54,56,128,-1224,å
68,61,67,55,69,136,-1240,å
68,61,67,57,67,136,-1200,å
68,63,67,56,74,144,-1232,å
68,62,67,57,72,152,-1240,å
68,60,67,57,74,152,-1248,å
67,62,66,55,65,136,-1248,å
68,58,66,56,58,168,-1272,å
66,59,66,60,58,136,-1240,å
67,60,66,61,58,144,-1240,å
68,61,67,63,72,144,-1232,å
68,61,66,59,67,144,-1232,å
69,62,67,55,74,152,-1240,å
69,61,66,56,63,152,-1256,å
67,60,67,57,69,144,-1240,å
67,58,66,56,56,144,-1240,å
68,58,67,57,63,160,-1264,å
68,59,67,57,67,152,-1240,å
68,61,67,57,72,152,-1240,å
68,59,67,57,65,144,-1224,å
68,59,68,57,69,144,-1240,å
68,58,67,57,60,160,-1248,å
67,60,67,57,63,152,-1240,å
67,57,66,55,60,136,-1240,å
67,58,67,55,63,168,-1256,å
68,61,67,56,69,144,-1216,å
68,62,67,57,69,152,-1232,å
68,59,67,57,65,168,-1256,å
69,61,66,57,65,128,-1248,å
67,61,66,57,65,152,-1240,å
68,59,66,55,49,168,-1232,å
68,58,67,55,56,160,-1272,å
68,58,66,55,56,136,-1224,å
68,62,67,56,67,136,-1240,å
68,62,66,56,67,136,-1224,å
67,61,67,55,65,152,-1240,å
67,59,67,56,58,136,-1216,å
67,61,67,55,63,168,-1264,å
67,58,66,55,60,136,-1240,å
67,58,66,54,58,160,-1240,å
42,101,107,345,90,-64,-1120,æ
41,102,107,372,87,-56,-1120,æ
41,103,107,95,87,-88,-1104,æ
42,100,107,95,78,-72,-1104,æ
41,100,106,94,81,-72,-1112,æ
41,99,105,93,78,-64,-1112,æ
42,100,105,91,78,-56,-1112,æ
41,100,106,93,83,-72,-1096,æ
42,100,106,93,87,-56,-1112,æ
41,100,105,92,85,-56,-1096,æ
40,101,106,91,83,-64,-1096,æ
41,100,105,91,81,-72,-1104,æ
41,99,104,90,72,-80,-1088,æ
40,97,104,91,76,-64,-1096,æ
40,99,104,91,78,-48,-1080,æ
40,101,105,91,83,-56,-1088,æ
41,100,103,91,81,-64,-1088,æ
40,100,103,372,78,-80,-1080,æ
40,100,104,372,78,-64,-1088,æ
39,99,104,372,76,-64,-1088,æ
39,96,103,370,74,-64,-1088,æ
40,95,104,372,76,-48,-1088,æ
39,99,104,90,81,-72,-1088,æ
38,100,104,90,78,-56,-1080,æ
38,100,103,90,78,-56,-1088,æ
39,100,103,89,76,-56,-1088,æ
37,97,102,88,76,-64,-1088,æ
37,97,103,88,74,-48,-1080,æ
38,96,102,88,74,-56,-1080,æ
38,98,103,90,78,-56,-1096,æ
38,99,104,90,81,-64,-1088,æ
39,99,102,90,78,-56,-1088,æ
37,99,103,89,78,-64,-1080,æ
37,98,102,88,74,-56,-1088,æ
38,99,103,90,72,-64,-1088,æ
38,97,103,88,72,-64,-1080,æ
38,98,103,88,69,-56,-1096,æ
38,99,103,90,81,-64,-1072,æ
38,98,103,88,81,-56,-1088,æ
38,98,104,89,78,-48,-1088,æ
37,99,103,88,76,-48,-1088,æ
37,99,103,88,76,-48,-1080,æ
37,96,102,87,72,-56,-1080,æ
38,98,103,87,76,-56,-1080,æ
38,98,103,89,76,-56,-1080,æ
38,99,103,90,74,-64,-1072,æ
38,99,102,88,81,-40,-1080,æ
38,99,102,89,76,-56,-1080,æ
38,99,102,89,74,-64,-1080,æ
37,97,102,88,67,-56,-1096,æ
37,95,102,87,72,-56,-1080,æ
38,95,102,88,76,-56,-1064,æ
38,99,103,88,81,-40,-1072,æ
38,99,103,88,78,-56,-1072,æ
38,99,102,88,72,-56,-1080,æ
37,98,102,89,72,-56,-1088,æ
37,98,102,88,74,-56,-1080,æ
38,96,102,87,72,-64,-1104,æ
36,98,102,86,72,-48,-1088,æ
38,98,103,88,78,-48,-1072,æ
38,99,102,88,78,-48,-1064,æ
38,99,103,88,78,-48,-1080,æ
37,96,101,88,76,-56,-1080,æ
37,98,102,88,72,-56,-1096,æ
37,96,101,87,69,-48,-1072,æ
37,96,102,87,72,-48,-1088,æ
36,96,102,87,76,-112,-1040,æ
37,99,103,88,81,-72,-1040,æ
38,99,101,88,78,-24,-1064,æ
37,99,102,88,76,-56,-1064,æ
37,98,102,89,74,-56,-1080,æ
37,98,102,86,72,-56,-1064,æ
37,94,101,86,69,-64,-1056,æ
37,95,102,88,74,-56,-1056,æ
37,97,102,88,78,-64,-1072,æ
37,99,102,88,76,-64,-1064,æ
37,99,101,88,74,-56,-1072,æ
37,98,102,88,69,-64,-1064,æ
36,96,102,87,74,-56,-1080,æ
37,95,101,86,69,-56,-1088,æ
37,96,101,87,72,-48,-1096,æ
37,97,102,88,76,-48,-1080,æ
37,99,102,88,81,-56,-1072,æ
37,98,101,86,74,-48,-1088,æ
37,98,100,88,76,-48,-1080,æ
36,97,101,87,69,-40,-1088,æ
37,95,102,86,67,-56,-1088,æ
37,95,101,86,72,-48,-1088,æ
37,96,102,86,74,-56,-1088,æ
37,98,102,88,78,-56,-1072,æ
37,96,101,86,72,-56,-1064,æ
37,98,102,88,74,-56,-1072,æ
37,99,101,87,74,-48,-1064,æ
37,96,102,87,72,-48,-1072,æ
37,95,100,87,69,-48,-1072,æ
37,95,101,86,72,-48,-1072,æ
37,97,102,87,76,-48,-1072,æ
37,96,101,86,74,-48,-1064,æ
37,96,101,88,76,-56,-1072,æ
37,97,101,87,72,-56,-1088,æ
36,94,102,88,74,-56,-1072,æ
37,96,101,86,69,-48,-1072,æ
37,95,101,86,74,-56,-1064,æ
37,97,101,86,76,-56,-1064,æ
37,97,102,88,81,-56,-1064,æ
37,97,102,88,74,-48,-1064,æ
37,99,101,87,78,-56,-1072,æ
37,97,102,87,67,-56,-1064,æ
37,94,101,86,67,-48,-1056,æ
37,94,101,86,72,-56,-1064,æ
36,95,102,87,74,-48,-1056,æ
37,97,102,87,78,-56,-1064,æ
37,99,101,88,78,-48,-1056,æ
37,95,102,87,78,-40,-1056,æ
37,96,101,86,72,-48,-1064,æ
37,94,101,87,69,-56,-1080,æ
37,94,100,86,72,-48,-1064,æ
37,94,100,86,72,-48,-1056,æ
38,96,101,86,76,-48,-1064,æ
37,96,101,87,76,-48,-1064,æ
37,99,101,86,76,-48,-1064,æ
36,97,101,87,72,-56,-1056,æ
37,94,101,86,72,-56,-1048,æ
37,95,100,86,67,-48,-1072,æ
37,95,101,86,72,-48,-1064,æ
37,95,101,86,74,-48,-1064,æ
37,97,101,87,78,-56,-1064,æ
38,97,101,86,72,-56,-1080,æ
36,97,100,87,72,-48,-1056,æ
36,96,101,87,72,-56,-1064,æ
37,94,100,85,69,-48,-1072,æ
37,94,100,86,67,-48,-1064,æ
37,95,100,86,72,-64,-1064,æ
37,97,101,86,78,-48,-1056,æ
37,98,101,86,78,-48,-1080,æ
36,97,101,86,78,-48,-1056,æ
37,94,101,86,74,-48,-1080,æ
37,94,100,86,72,-56,-1056,æ
36,94,100,85,65,-48,-1056,æ
37,94,100,85,72,-48,-1048,æ
37,96,101,86,78,-40,-1056,æ
37,96,101,87,72,-56,-1056,æ
37,97,101,86,74,-48,-1064,æ
37,95,100,87,74,-40,-1048,æ
37,96,100,86,72,-48,-1056,æ
36,94,99,85,67,-40,-1064,æ
37,95,101,86,76,-48,-1064,æ
37,95,100,86,74,-48,-1080,æ
37,97,101,87,74,-48,-1088,æ
37,94,101,86,76,-48,-1048,æ
36,97,99,87,74,-48,-1064,æ
37,95,100,86,74,-48,-1048,æ
36,94,100,85,65,-56,-1064,æ
37,94,100,84,69,-32,-1096,æ
37,94,100,86,74,-56,-1056,æ
37,97,101,87,81,-48,-1040,æ
37,96,100,87,74,-48,-1056,æ
37,98,100,86,67,-48,-1072,æ
37,97,99,86,74,-48,-1056,æ
36,94,99,86,69,-48,-1072,æ
36,94,99,85,67,-40,-1040,æ
37,96,101,86,72,-48,-1064,æ
37,96,100,86,78,-56,-1056,æ
37,95,101,86,76,-56,-1064,æ
37,96,99,85,74,-48,-1072,æ
36,94,100,86,72,-56,-1056,æ
36,94,100,86,72,-40,-1040,æ
37,94,99,85,69,-56,-1072,æ
37,94,99,84,67,-48,-1080,æ
37,97,100,86,76,-56,-1064,æ
37,94,101,86,74,-48,-1064,æ
37,95,101,86,76,-56,-1080,æ
37,95,100,86,76,-48,-1072,æ
37,94,100,86,74,-56,-1072,æ
37,93,98,84,72,-56,-1064,æ
36,94,100,85,76,-48,-1048,æ
37,95,100,86,74,-56,-1056,æ
37,97,100,86,78,-48,-1064,æ
37,97,100,86,76,-48,-1056,æ
37,94,100,85,74,-56,-1056,æ
37,94,100,86,74,-56,-1064,æ
37,94,99,85,67,-48,-1064,æ
37,94,99,85,69,-56,-1056,æ
36,95,100,85,74,-56,-1072,æ
37,96,101,86,76,-48,-1064,æ
37,94,100,86,72,-56,-1056,æ
36,96,99,86,74,-48,-1056,æ
37,94,100,86,69,-48,-1056,æ
36,94,100,85,65,-56,-1056,æ
37,94,99,84,69,-56,-1080,æ
36,95,99,85,72,-56,-1056,æ
37,96,100,86,76,-56,-1072,æ
37,94,100,86,74,-56,-1064,æ
37,94,99,86,76,-56,-1048,æ
36,97,99,86,74,-56,-1056,æ
36,96,99,84,67,-56,-1048,æ
37,93,99,84,65,-56,-1048,æ
37,93,99,84,72,-64,-1056,æ
37,95,100,86,76,-48,-1064,æ
38,96,100,87,78,-64,-1064,æ
36,93,99,86,76,-48,-1064,æ
37,94,99,86,74,-48,-1072,æ
37,97,99,84,74,-48,-1064,æ
36,93,99,84,63,-56,-1064,æ
37,94,99,84,69,-40,-1064,æ
37,92,100,85,78,-32,-1048,æ
36,99,100,85,74,-48,-1056,æ
37,93,99,86,76,-48,-1088,æ
36,94,100,86,67,-48,-1064,æ
37,94,99,85,74,-48,-1064,æ
37,91,99,84,63,-40,-1040,æ
37,90,100,83,74,-64,-1064,æ
37,94,100,85,78,-32,-1056,æ
37,96,100,86,81,-56,-1064,æ
38,95,100,86,69,-56,-1080,æ
37,94,100,86,74,-40,-1064,æ
37,95,99,86,69,-32,-1064,æ
37,91,99,84,67,-24,-1072,æ
36,94,99,84,69,-32,-1080,æ
37,94,99,85,72,-32,-1088,æ
37,96,100,85,76,-40,-1080,æ
36,94,99,86,74,-32,-1072,æ
37,96,99,86,72,-32,-1064,æ
37,94,100,86,69,-40,-1088,æ
36,93,99,85,65,-40,-1080,æ
37,93,99,84,65,-24,-1096,æ
37,94,99,85,67,-40,-1072,æ
37,95,99,86,74,-16,-1088,æ
37,94,100,86,76,-56,-1080,æ
37,93,100,85,72,-48,-1072,æ
37,92,99,86,67,-40,-1088,æ
36,92,99,85,67,-32,-1080,æ
37,93,99,84,67,-32,-1056,æ
37,92,100,84,63,-56,-1072,æ
37,94,100,85,76,-32,-1064,æ
37,93,98,84,76,-48,-1080,æ
37,95,100,86,76,-24,-1080,æ
37,93,99,86,67,-48,-1096,æ
37,94,98,86,67,-56,-1064,æ
36,93,99,84,60,-32,-1064,æ
37,94,99,84,65,-56,-1064,æ
37,94,99,85,76,-40,-1080,æ
37,96,100,86,76,-32,-1072,æ
38,93,100,87,74,-48,-1064,æ
38,93,100,86,72,-32,-1080,æ
37,94,99,86,67,-48,-1080,æ
36,93,99,82,67,-48,-1064,æ
36,93,99,84,65,-48,-1064,æ
35,93,99,85,74,-40,-1056,æ
37,95,100,86,76,-24,-1064,æ
36,95,100,86,72,-72,-1072,æ
36,93,100,84,72,-48,-1072,æ
37,94,99,84,67,-32,-1064,æ
36,93,98,84,69,-48,-1056,æ
36,92,99,84,65,-32,-1048,æ
37,94,99,84,67,-40,-1072,æ
37,95,100,85,74,-40,-1072,æ
37,94,99,86,74,-40,-1056,æ
36,94,99,86,74,-40,-1064,æ
37,93,99,84,72,-16,-1064,æ
37,94,98,85,72,-48,-1088,æ
36,93,98,84,69,-32,-1072,æ
37,91,100,84,67,-32,-1080,æ
37,94,99,85,74,-48,-1072,æ
37,95,100,86,76,-32,-1072,æ
36,94,99,85,72,-48,-1072,æ
37,95,99,84,72,-32,-1072,æ
37,92,99,84,72,-48,-1072,æ
36,90,98,83,67,-40,-1056,æ
36,94,98,83,69,-40,-1080,æ
36,94,99,84,72,-48,-1048,æ
37,95,100,86,78,-40,-1072,æ
37,94,99,86,69,-40,-1072,æ
37,94,99,86,74,-40,-1072,æ
36,94,98,85,67,-40,-1064,æ
36,93,98,84,67,-32,-1072,æ
36,90,98,84,65,-40,-1072,æ
37,93,99,84,69,-32,-1080,æ
37,94,99,85,76,-40,-1064,æ
37,94,99,84,76,-40,-1080,æ
37,93,98,84,74,-40,-1064,æ
36,94,98,85,72,-32,-1088,æ
37,94,99,84,69,-32,-1064,æ
36,91,98,84,67,-40,-1072,æ
37,93,98,84,69,-40,-1080,æ
37,94,99,84,74,-32,-1072,æ
37,95,99,84,74,-32,-1088,æ
36,94,99,85,74,-32,-1072,æ
36,94,98,85,72,-40,-1064,æ
36,94,99,84,72,-32,-1088,æ
37,92,98,82,63,-40,-1088,æ
36,92,98,84,69,-32,-1072,æ
36,93,99,84,74,-32,-1064,æ
37,95,99,85,78,-40,-1080,æ
37,96,98,86,78,-48,-1080,æ
37,94,99,85,76,-32,-1064,æ
36,94,99,85,67,-40,-1064,æ
36,90,98,84,65,-24,-1072,æ
36,90,98,84,67,-32,-1088,æ
36,94,99,84,72,-48,-1072,æ
37,94,99,85,76,-32,-1072,æ
37,94,99,85,74,-40,-1072,æ
37,94,99,85,72,-32,-1072,æ
37,94,98,83,69,-40,-1056,æ
36,93,98,84,67,-40,-1072,æ
36,92,98,83,65,-40,-1072,æ
37,91,99,84,69,-40,-1080,æ
36,94,99,84,74,-40,-1072,æ
37,94,99,84,76,-32,-1056,æ
37,95,98,84,74,-32,-1072,æ
36,94,98,84,72,-40,-1064,æ
37,91,99,85,72,-32,-1080,æ
36,92,98,83,67,-24,-1056,æ
36,91,98,84,65,-40,-1072,æ
37,94,99,84,74,-24,-1088,æ
37,95,99,85,74,-32,-1072,æ
37,94,98,84,76,-24,-1080,æ
37,94,99,84,76,-24,-1072,æ
36,94,98,84,74,-40,-1072,æ
37,90,98,82,65,-32,-1072,æ
36,93,98,83,67,-40,-1072,æ
37,93,99,84,72,-32,-1072,æ
37,94,99,84,76,-32,-1088,æ
37,93,99,84,74,-32,-1088,æ
37,94,98,83,67,-32,-1088,æ
36,92,99,83,69,-32,-1072,æ
36,92,98,83,63,-24,-1080,æ
36,92,98,83,69,-32,-1088,æ
36,91,98,82,67,-32,-1072,æ
37,94,98,84,76,-32,-1080,æ
37,94,98,85,72,-32,-1096,æ
37,94,99,84,69,-32,-1096,æ
37,95,98,84,67,-32,-1096,æ
36,93,99,84,72,-48,-1064,æ
36,90,98,83,69,-80,-1056,æ
36,93,99,84,65,-64,-1064,æ
36,94,99,177,74,-72,-1056,æ
36,94,98,90,74,-72,-1056,æ
34,94,99,90,72,-48,-1072,æ
34,94,99,91,72,-64,-1040,æ
35,92,98,89,74,-56,-1080,æ
34,91,98,88,65,-64,-1072,æ
34,90,98,88,72,-64,-1072,æ
34,93,98,89,74,-64,-1056,æ
34,94,99,90,76,-64,-1048,æ
34,92,97,91,69,-64,-1064,æ
34,94,98,91,72,-48,-1056,æ
34,93,99,90,72,-56,-1056,æ
34,92,98,91,67,-72,-1064,æ
34,90,98,91,65,-48,-1056,æ
33,92,97,154,69,-56,-1056,æ
34,94,98,168,76,-64,-1080,æ
34,94,99,176,72,-56,-1064,æ
34,93,97,183,74,-64,-1064,æ
34,93,98,184,72,-56,-1056,æ
34,91,98,201,65,-56,-1064,æ
34,91,97,203,69,-48,-1064,æ
34,91,98,219,72,-56,-1056,æ
34,92,98,217,76,-64,-1064,æ
35,92,99,226,76,-48,-1056,æ
34,94,98,226,69,-56,-1056,æ
35,93,99,225,72,-64,-1072,æ
34,93,98,228,69,-40,-1072,æ
34,92,97,82,67,-88,-1056,æ
34,90,97,84,69,-64,-1056,æ
34,92,98,83,72,-88,-1080,æ
34,93,98,84,76,-72,-1072,æ
34,91,98,83,69,-80,-1056,æ
33,93,99,84,72,-80,-1080,æ
34,92,98,82,72,-72,-1072,æ
34,90,97,83,67,-80,-1048,æ
34,90,98,83,69,-64,-1064,æ
34,91,98,84,72,-72,-1080,æ
34,94,98,84,74,-72,-1080,æ
34,94,98,84,74,-88,-1056,æ
35,93,98,82,74,-56,-1064,æ
34,93,97,84,72,-56,-1056,æ
34,91,97,82,69,-72,-1048,æ
34,90,97,82,67,-56,-1064,æ
34,90,97,82,65,-64,-1056,æ
35,93,99,84,76,-48,-1056,æ
34,93,97,84,69,-56,-1048,æ
34,92,98,82,74,-64,-1072,æ
34,93,97,84,74,-64,-1064,æ
34,91,97,83,69,-72,-1048,æ
34,90,98,82,63,-56,-1072,æ
34,92,98,82,72,-56,-1056,æ
34,93,98,83,74,-64,-1056,æ
34,91,98,82,67,-72,-1056,æ
34,94,97,84,72,-48,-1056,æ
34,94,98,84,72,-56,-1056,æ
34,92,97,83,72,-56,-1040,æ
33,90,97,82,67,-56,-1064,æ
34,91,97,82,65,-64,-1056,æ
34,93,98,83,74,-48,-1072,æ
35,94,99,84,74,-56,-1056,æ
34,92,98,84,69,-64,-1064,æ
35,94,98,82,67,-56,-1040,æ
34,92,99,84,72,-56,-1064,æ
34,90,98,81,67,-64,-1056,æ
34,90,98,82,69,-72,-1056,æ
34,93,98,83,72,-56,-1056,æ
34,93,98,84,76,-48,-1064,æ
35,93,97,84,72,-64,-1056,æ
33,91,98,84,72,-56,-1064,æ
33,92,97,84,74,-48,-1072,æ
34,91,97,82,65,-48,-1064,æ
34,90,98,82,63,-48,-1056,æ
34,92,98,82,72,-56,-1072,æ
35,94,98,84,76,-56,-1064,æ
34,91,99,83,72,-48,-1064,æ
34,91,97,82,74,-64,-1048,æ
34,92,97,83,72,-56,-1064,æ
34,90,97,82,65,-56,-1064,æ
34,90,97,82,67,-48,-1080,æ
34,91,97,82,72,-56,-1056,æ
34,94,98,83,76,-56,-1056,æ
34,91,98,83,72,-48,-1056,æ
34,92,98,83,72,-56,-1064,æ
34,90,98,83,72,-48,-1048,æ
34,91,97,82,67,-56,-1064,æ
33,90,97,82,67,-48,-1064,æ
34,91,98,82,69,-56,-1064,æ
34,94,98,83,76,-56,-1064,æ
34,92,98,83,72,-56,-1064,æ
34,92,97,83,74,-64,-1064,æ
34,92,98,83,72,-40,-1056,æ
33,92,97,82,67,-48,-1056,æ
33,90,97,82,67,-40,-1048,æ
34,91,98,82,69,-48,-1056,æ
34,94,98,83,76,-56,-1056,æ
34,92,98,83,72,-40,-1056,æ
34,91,98,83,69,-64,-1048,æ
34,91,98,83,67,-48,-1064,æ
33,91,97,82,63,-48,-1056,æ
33,90,97,82,67,-32,-1056,æ
34,90,97,82,69,-48,-1048,æ
34,93,98,82,74,-40,-1056,æ
33,93,98,82,74,-48,-1056,æ
34,93,98,83,72,-48,-1056,æ
34,93,98,82,69,-40,-1072,æ
33,90,97,82,65,-48,-1048,æ
34,90,97,82,65,-48,-1056,æ
34,91,97,82,69,-48,-1056,æ
34,94,98,84,76,-48,-1056,æ
34,94,98,82,74,-56,-1064,æ
34,93,97,82,76,-40,-1064,æ
33,90,98,82,69,-48,-1048,æ
34,89,97,82,65,-40,-1072,æ
34,90,97,82,65,-48,-1080,æ
34,91,98,82,72,-48,-1056,æ
34,94,98,83,74,-40,-1048,æ
34,92,98,83,74,-48,-1048,æ
34,93,98,82,72,-48,-1064,æ
34,92,97,83,69,-56,-1072,æ
33,89,97,81,63,-56,-1064,æ
34,91,97,81,65,-40,-1080,æ
34,91,97,82,72,-48,-1064,æ
34,94,98,83,74,-40,-1064,æ
35,94,98,82,74,-48,-1048,æ
34,92,98,82,67,-48,-1056,æ
34,92,97,82,72,-40,-1072,æ
34,90,97,82,67,-48,-1072,æ
34,91,97,82,65,-40,-1072,æ
34,91,98,82,69,-48,-1056,æ
34,93,98,83,72,-48,-1072,æ
34,93,98,83,72,-48,-1048,æ
34,92,98,83,69,-48,-1056,æ
34,89,98,82,67,-56,-1056,æ
33,91,97,81,67,-48,-1056,æ
33,90,96,82,65,-40,-1040,æ
34,92,98,82,76,-40,-1056,æ
34,94,98,82,72,-48,-1064,æ
34,92,98,83,74,-40,-1064,æ
34,91,97,82,69,-40,-1056,æ
34,91,98,82,69,-40,-1048,æ
34,91,97,81,67,-48,-1040,æ
35,92,96,81,65,-48,-1088,æ
34,92,97,82,72,-40,-1064,æ
34,93,98,82,69,-48,-1064,æ
34,92,97,82,69,-48,-1048,æ
34,90,97,81,72,-48,-1072,æ
33,91,97,82,67,-40,-1040,æ
33,91,97,82,65,-48,-1056,æ
34,91,97,81,72,-48,-1048,æ
34,92,98,82,72,-48,-1048,æ
34,92,98,82,74,-56,-1056,æ
34,91,97,83,72,-48,-1048,æ
34,91,97,82,67,-48,-1048,æ
34,91,97,82,69,-40,-1056,æ
34,90,96,80,67,-56,-1056,æ
34,90,98,83,67,-40,-1056,æ
34,93,98,82,76,-40,-1056,æ
34,92,97,83,74,-48,-1056,æ
34,93,98,84,72,-40,-1064,æ
33,94,97,81,72,-48,-1064,æ
34,91,96,82,65,-32,-1056,æ
33,89,96,81,60,-48,-1064,æ
34,90,96,81,72,-40,-1056,æ
34,92,98,83,76,-48,-1048,æ
